-- MySQL dump 10.13  Distrib 5.1.57, for apple-darwin11.0.1 (i386)
--
-- Host: payphoneapp.com    Database: v2
-- ------------------------------------------------------
-- Server version	5.1.52

/*!40101 SET @OLD_CHARACTER_SET_CLIENT=@@CHARACTER_SET_CLIENT */;
/*!40101 SET @OLD_CHARACTER_SET_RESULTS=@@CHARACTER_SET_RESULTS */;
/*!40101 SET @OLD_COLLATION_CONNECTION=@@COLLATION_CONNECTION */;
/*!40101 SET NAMES utf8 */;
/*!40103 SET @OLD_TIME_ZONE=@@TIME_ZONE */;
/*!40103 SET TIME_ZONE='+00:00' */;
/*!40014 SET @OLD_UNIQUE_CHECKS=@@UNIQUE_CHECKS, UNIQUE_CHECKS=0 */;
/*!40014 SET @OLD_FOREIGN_KEY_CHECKS=@@FOREIGN_KEY_CHECKS, FOREIGN_KEY_CHECKS=0 */;
/*!40101 SET @OLD_SQL_MODE=@@SQL_MODE, SQL_MODE='NO_AUTO_VALUE_ON_ZERO' */;
/*!40111 SET @OLD_SQL_NOTES=@@SQL_NOTES, SQL_NOTES=0 */;

--
-- Table structure for table `account`
--

DROP TABLE IF EXISTS `account`;
/*!40101 SET @saved_cs_client     = @@character_set_client */;
/*!40101 SET character_set_client = utf8 */;
CREATE TABLE `account` (
  `account_id` int(10) unsigned NOT NULL AUTO_INCREMENT,
  `user_id` int(10) unsigned NOT NULL DEFAULT '0',
  `address_id` int(10) unsigned NOT NULL DEFAULT '0',
  `account_enabled` int(1) unsigned NOT NULL DEFAULT '0',
  `account_flagged` int(1) unsigned NOT NULL DEFAULT '0',
  `account_type` int(2) NOT NULL DEFAULT '0',
  `account_name` varchar(30) NOT NULL DEFAULT '',
  `account_balance` decimal(10,2) NOT NULL DEFAULT '0.00',
  `account_firstname` varchar(50) NOT NULL DEFAULT '',
  `account_lastname` varchar(50) NOT NULL DEFAULT '',
  `account_prefix` varchar(10) NOT NULL DEFAULT '',
  `account_number` varchar(30) NOT NULL DEFAULT '',
  `account_transit` varchar(5) NOT NULL DEFAULT '',
  `account_institution` varchar(3) NOT NULL DEFAULT '',
  `account_expiry` date NOT NULL DEFAULT '0000-00-00',
  `account_security_pin` varchar(32) NOT NULL DEFAULT '',
  `account_security_number` varchar(32) NOT NULL DEFAULT '',
  `account_email` varchar(45) NOT NULL DEFAULT '',
  `payment_gateway` varchar(20) NOT NULL DEFAULT 'Beanstream',
  PRIMARY KEY (`account_id`),
  KEY `user_id` (`user_id`),
  KEY `address_id` (`address_id`)
) ENGINE=MyISAM AUTO_INCREMENT=428 DEFAULT CHARSET=utf8;
/*!40101 SET character_set_client = @saved_cs_client */;

--
-- Dumping data for table `account`
--

LOCK TABLES `account` WRITE;
/*!40000 ALTER TABLE `account` DISABLE KEYS */;
INSERT INTO `account` VALUES (1,1,1,1,0,11,'VISA','89.09','','','','','','','0000-00-00','','','','Beanstream'),(2,2,2,1,0,12,'Prado GC','10.00','d','d','d','','','','0000-00-00','','','','Beanstream'),(117,73,133,0,0,1,'undefined','0.00','Noah','Heath','','4030000010001234','','','2011-10-01','81dc9bdb52d04dc20036dbd8313ed055','202cb962ac59075b964b07152d234b70','','Beanstream'),(118,73,134,0,0,1,'undefined','0.00','N','Liu','','4030000010001234','','','2012-10-01','81dc9bdb52d04dc20036dbd8313ed055','202cb962ac59075b964b07152d234b70','','Beanstream'),(133,73,149,0,0,12,'Prado GC ','0.00','Noah','Heaf','','','','','0000-00-00','81dc9bdb52d04dc20036dbd8313ed055','9fc3d7152ba9336a670e36d0ed79bc43','','Beanstream'),(134,73,150,0,0,12,'Prado GC ','0.00','Noah','Heaf','','','','','0000-00-00','81dc9bdb52d04dc20036dbd8313ed055','9fc3d7152ba9336a670e36d0ed79bc43','','Beanstream'),(135,104,151,1,0,12,'Prado GC','10.00','','','','','','','0000-00-00','','','','Beanstream'),(136,105,152,1,0,12,'Prado GC','10.00','','','','','','','0000-00-00','','','','Beanstream'),(137,104,153,1,0,1,'Visa','0.00','undefined','undefined','','4030000010001234','','','2011-12-01','81dc9bdb52d04dc20036dbd8313ed055','3def184ad8f4755ff269862ea77393dd','','Beanstream'),(138,106,154,1,0,12,'Prado GC','10.00','','','','','','','0000-00-00','','','','Beanstream'),(139,106,155,0,0,1,'Visa','0.00','Noah','Heath','Mr.','4030000010001234','','','2013-07-01','81dc9bdb52d04dc20036dbd8313ed055','202cb962ac59075b964b07152d234b70','','Beanstream'),(140,106,156,1,0,3,'AMEX','0.00','Noah','Heath','Mr.','371100001000131','','','2012-04-01','81dc9bdb52d04dc20036dbd8313ed055','81dc9bdb52d04dc20036dbd8313ed055','','Beanstream'),(141,107,157,1,0,12,'Prado GC','10.00','','','','','','','0000-00-00','','','','Beanstream'),(142,107,158,1,0,3,'Amex','0.00','Noah','Heath','Mr.','371100001000131','','','2012-07-01','81dc9bdb52d04dc20036dbd8313ed055','81dc9bdb52d04dc20036dbd8313ed055','','Beanstream'),(143,107,159,1,0,3,'Amex (d)','0.00','Noah','MacNayr','Mr.','342400001000180','','','2012-01-01','81dc9bdb52d04dc20036dbd8313ed055','81dc9bdb52d04dc20036dbd8313ed055','','Beanstream'),(144,107,160,0,0,3,'Amex (d)','0.00','Noah','MacNayr','','342400001000180','','','2012-01-01','81dc9bdb52d04dc20036dbd8313ed055','81dc9bdb52d04dc20036dbd8313ed055','','Beanstream'),(145,107,161,0,0,3,'Amex (d)','0.00','Noah','MacNayr','','342400001000180','','','2012-01-01','81dc9bdb52d04dc20036dbd8313ed055','81dc9bdb52d04dc20036dbd8313ed055','','Beanstream'),(156,108,162,1,0,12,'Prado GC','10.00','','','','','','','0000-00-00','','','','Beanstream'),(157,108,163,1,0,1,'Visa','0.00','Amy','York','','4030000010001234','','','2012-02-01','81dc9bdb52d04dc20036dbd8313ed055','202cb962ac59075b964b07152d234b70','','Beanstream'),(158,107,164,1,0,1,'Visa 2','0.00','Noah','Heath','','4123450131003312','','','2012-01-01','81dc9bdb52d04dc20036dbd8313ed055','202cb962ac59075b964b07152d234b70','','Beanstream'),(159,107,165,1,0,2,'Mastercard','0.00','Noah','Heath','','5100000010001004','','','2012-02-01','81dc9bdb52d04dc20036dbd8313ed055','202cb962ac59075b964b07152d234b70','','Beanstream'),(313,227,321,1,0,12,'Pikolo GC','5.00','','','','','','','0000-00-00','','202cb962ac59075b964b07152d234b70','','Beanstream'),(161,109,167,1,0,12,'Prado GC','10.00','','','','','','','0000-00-00','b59c67bf196a4758191e42f76670ceba','','','Beanstream'),(162,112,170,1,0,12,'Salty Tongue GC','0.21','','','','','','','0000-00-00','b59c67bf196a4758191e42f76670ceba','202cb962ac59075b964b07152d234b70','','Beanstream'),(163,113,171,1,0,12,'Prado GC','10.00','','','','','','','0000-00-00','b59c67bf196a4758191e42f76670ceba','202cb962ac59075b964b07152d234b70','','Beanstream'),(164,114,172,1,0,12,'Prado GC','10.00','','','','','','','0000-00-00','b59c67bf196a4758191e42f76670ceba','202cb962ac59075b964b07152d234b70','','Beanstream'),(165,165,173,1,0,12,'Prado GC','10.00','','','','','','','0000-00-00','b59c67bf196a4758191e42f76670ceba','202cb962ac59075b964b07152d234b70','','Beanstream'),(167,116,175,1,0,12,'Prado GC','10.00','','','','','','','0000-00-00','b59c67bf196a4758191e42f76670ceba','202cb962ac59075b964b07152d234b70','','Beanstream'),(168,117,176,1,0,12,'Prado GC','10.00','','','','','','','0000-00-00','b59c67bf196a4758191e42f76670ceba','202cb962ac59075b964b07152d234b70','','Beanstream'),(169,117,177,0,0,1,'Test visa','0.00','Mike','Mitchell','','4030000010001234','','','2013-02-01','ff49cc40a8890e6a60f40ff3026d2730','202cb962ac59075b964b07152d234b70','','Beanstream'),(170,117,178,1,0,1,'Test visa','0.00','Mike','Mitchell','','4030000010001234','','','2013-02-01','ff49cc40a8890e6a60f40ff3026d2730','202cb962ac59075b964b07152d234b70','','Beanstream'),(171,118,179,1,0,12,'Prado GC','10.00','','','','','','','0000-00-00','b59c67bf196a4758191e42f76670ceba','202cb962ac59075b964b07152d234b70','','Beanstream'),(172,119,180,1,0,12,'Prado GC','10.00','','','','','','','0000-00-00','b59c67bf196a4758191e42f76670ceba','202cb962ac59075b964b07152d234b70','','Beanstream'),(173,120,181,1,0,12,'Prado GC','10.00','','','','','','','0000-00-00','b59c67bf196a4758191e42f76670ceba','202cb962ac59075b964b07152d234b70','','Beanstream'),(174,121,182,1,0,12,'Prado GC','10.00','','','','','','','0000-00-00','b59c67bf196a4758191e42f76670ceba','202cb962ac59075b964b07152d234b70','','Beanstream'),(175,122,183,1,0,12,'Prado GC','10.00','','','','','','','0000-00-00','b59c67bf196a4758191e42f76670ceba','202cb962ac59075b964b07152d234b70','','Beanstream'),(176,123,184,1,0,12,'Prado GC','10.00','','','','','','','0000-00-00','b59c67bf196a4758191e42f76670ceba','202cb962ac59075b964b07152d234b70','','Beanstream'),(177,124,185,1,0,12,'Prado GC','10.00','','','','','','','0000-00-00','b59c67bf196a4758191e42f76670ceba','202cb962ac59075b964b07152d234b70','','Beanstream'),(178,125,186,1,0,12,'Prado GC','10.00','','','','','','','0000-00-00','b59c67bf196a4758191e42f76670ceba','202cb962ac59075b964b07152d234b70','','Beanstream'),(179,126,187,1,0,12,'Prado GC','10.00','','','','','','','0000-00-00','b59c67bf196a4758191e42f76670ceba','202cb962ac59075b964b07152d234b70','','Beanstream'),(180,127,188,1,0,12,'Prado GC','10.00','','','','','','','0000-00-00','b59c67bf196a4758191e42f76670ceba','202cb962ac59075b964b07152d234b70','','Beanstream'),(181,128,189,1,0,12,'Prado GC','10.00','','','','','','','0000-00-00','b59c67bf196a4758191e42f76670ceba','202cb962ac59075b964b07152d234b70','','Beanstream'),(182,129,190,1,0,12,'Prado GC','10.00','','','','','','','0000-00-00','b59c67bf196a4758191e42f76670ceba','202cb962ac59075b964b07152d234b70','','Beanstream'),(183,130,191,1,0,12,'Prado GC','10.00','','','','','','','0000-00-00','b59c67bf196a4758191e42f76670ceba','202cb962ac59075b964b07152d234b70','','Beanstream'),(184,131,192,1,0,12,'Prado GC','10.00','','','','','','','0000-00-00','b59c67bf196a4758191e42f76670ceba','202cb962ac59075b964b07152d234b70','','Beanstream'),(185,132,193,1,0,12,'Prado GC','10.00','','','','','','','0000-00-00','b59c67bf196a4758191e42f76670ceba','202cb962ac59075b964b07152d234b70','','Beanstream'),(186,133,194,1,0,12,'Prado GC','10.00','','','','','','','0000-00-00','b59c67bf196a4758191e42f76670ceba','202cb962ac59075b964b07152d234b70','','Beanstream'),(187,134,195,1,0,12,'Prado GC','10.00','','','','','','','0000-00-00','b59c67bf196a4758191e42f76670ceba','202cb962ac59075b964b07152d234b70','','Beanstream'),(188,135,196,1,0,12,'Prado GC','10.00','','','','','','','0000-00-00','b59c67bf196a4758191e42f76670ceba','202cb962ac59075b964b07152d234b70','','Beanstream'),(189,136,197,1,0,12,'Prado GC','10.00','','','','','','','0000-00-00','b59c67bf196a4758191e42f76670ceba','202cb962ac59075b964b07152d234b70','','Beanstream'),(190,137,198,1,0,12,'Prado GC','10.00','','','','','','','0000-00-00','b59c67bf196a4758191e42f76670ceba','202cb962ac59075b964b07152d234b70','','Beanstream'),(191,138,199,1,0,12,'Prado GC','4.15','','','','','','','0000-00-00','b59c67bf196a4758191e42f76670ceba','202cb962ac59075b964b07152d234b70','','Beanstream'),(192,139,200,1,0,12,'Prado GC','10.00','','','','','','','0000-00-00','b59c67bf196a4758191e42f76670ceba','202cb962ac59075b964b07152d234b70','','Beanstream'),(193,140,201,1,0,12,'Prado GC','10.00','','','','','','','0000-00-00','b59c67bf196a4758191e42f76670ceba','202cb962ac59075b964b07152d234b70','','Beanstream'),(194,141,202,1,0,12,'Prado GC','10.00','','','','','','','0000-00-00','b59c67bf196a4758191e42f76670ceba','202cb962ac59075b964b07152d234b70','','Beanstream'),(195,142,203,1,0,12,'Prado GC','10.00','','','','','','','0000-00-00','b59c67bf196a4758191e42f76670ceba','202cb962ac59075b964b07152d234b70','','Beanstream'),(196,143,204,1,0,12,'Prado GC','4.40','','','','','','','0000-00-00','b59c67bf196a4758191e42f76670ceba','202cb962ac59075b964b07152d234b70','','Beanstream'),(197,143,205,0,0,2,'Capitol One MC','0.00','Boris','Mann','','5555555555555555555','','','2015-01-01','d41d8cd98f00b204e9800998ecf8427e','d41d8cd98f00b204e9800998ecf8427e','','Beanstream'),(198,144,206,1,0,12,'Prado GC','4.15','','','','','','','0000-00-00','b59c67bf196a4758191e42f76670ceba','202cb962ac59075b964b07152d234b70','','Beanstream'),(199,145,207,1,0,12,'Prado GC','10.00','','','','','','','0000-00-00','b59c67bf196a4758191e42f76670ceba','202cb962ac59075b964b07152d234b70','','Beanstream'),(200,146,208,1,0,12,'Prado GC','10.00','','','','','','','0000-00-00','b59c67bf196a4758191e42f76670ceba','202cb962ac59075b964b07152d234b70','','Beanstream'),(201,147,209,1,0,12,'Prado GC','10.00','','','','','','','0000-00-00','b59c67bf196a4758191e42f76670ceba','202cb962ac59075b964b07152d234b70','','Beanstream'),(202,148,210,1,0,12,'Prado GC','10.00','','','','','','','0000-00-00','b59c67bf196a4758191e42f76670ceba','202cb962ac59075b964b07152d234b70','','Beanstream'),(203,149,211,1,0,12,'Prado GC','10.00','','','','','','','0000-00-00','b59c67bf196a4758191e42f76670ceba','202cb962ac59075b964b07152d234b70','','Beanstream'),(204,150,212,1,0,12,'Prado GC','10.00','','','','','','','0000-00-00','b59c67bf196a4758191e42f76670ceba','202cb962ac59075b964b07152d234b70','','Beanstream'),(205,151,213,1,0,12,'Prado GC','10.00','','','','','','','0000-00-00','b59c67bf196a4758191e42f76670ceba','202cb962ac59075b964b07152d234b70','','Beanstream'),(206,152,214,1,0,12,'Prado GC','1.90','','','','','','','0000-00-00','b59c67bf196a4758191e42f76670ceba','202cb962ac59075b964b07152d234b70','','Beanstream'),(207,153,215,1,0,12,'Prado GC','10.00','','','','','','','0000-00-00','b59c67bf196a4758191e42f76670ceba','202cb962ac59075b964b07152d234b70','','Beanstream'),(208,154,216,1,0,12,'Prado GC','10.00','','','','','','','0000-00-00','b59c67bf196a4758191e42f76670ceba','202cb962ac59075b964b07152d234b70','','Beanstream'),(209,155,217,1,0,12,'Prado GC','6.27','','','','','','','0000-00-00','b59c67bf196a4758191e42f76670ceba','202cb962ac59075b964b07152d234b70','','Beanstream'),(210,156,218,1,0,12,'Prado GC','10.00','','','','','','','0000-00-00','b59c67bf196a4758191e42f76670ceba','202cb962ac59075b964b07152d234b70','','Beanstream'),(211,157,219,1,0,12,'Prado GC','10.00','','','','','','','0000-00-00','b59c67bf196a4758191e42f76670ceba','202cb962ac59075b964b07152d234b70','','Beanstream'),(212,158,220,1,0,12,'Prado GC','10.00','','','','','','','0000-00-00','b59c67bf196a4758191e42f76670ceba','202cb962ac59075b964b07152d234b70','','Beanstream'),(213,159,221,1,0,12,'Prado GC','7.37','','','','','','','0000-00-00','b59c67bf196a4758191e42f76670ceba','202cb962ac59075b964b07152d234b70','','Beanstream'),(214,150,222,1,0,3,'Test Amex - Prado Only','0.00','Test','Amex','','371100001000131','','','2012-01-01','81dc9bdb52d04dc20036dbd8313ed055','81dc9bdb52d04dc20036dbd8313ed055','','Beanstream'),(215,161,223,1,0,12,'Prado GC','10.00','','','','','','','0000-00-00','b59c67bf196a4758191e42f76670ceba','202cb962ac59075b964b07152d234b70','','Beanstream'),(216,162,224,1,0,12,'Prado GC','10.00','','','','','','','0000-00-00','b59c67bf196a4758191e42f76670ceba','202cb962ac59075b964b07152d234b70','','Beanstream'),(217,163,225,1,0,12,'Prado GC','10.00','','','','','','','0000-00-00','b59c67bf196a4758191e42f76670ceba','202cb962ac59075b964b07152d234b70','','Beanstream'),(218,164,226,1,0,12,'Prado GC','10.00','','','','','','','0000-00-00','b59c67bf196a4758191e42f76670ceba','202cb962ac59075b964b07152d234b70','','Beanstream'),(219,167,227,1,0,12,'Prado GC','10.00','','','','','','','0000-00-00','b59c67bf196a4758191e42f76670ceba','202cb962ac59075b964b07152d234b70','','Beanstream'),(220,168,228,1,0,12,'Prado GC','10.00','','','','','','','0000-00-00','b59c67bf196a4758191e42f76670ceba','202cb962ac59075b964b07152d234b70','','Beanstream'),(221,169,229,1,0,12,'Prado GC','10.00','','','','','','','0000-00-00','b59c67bf196a4758191e42f76670ceba','202cb962ac59075b964b07152d234b70','','Beanstream'),(222,170,230,1,0,12,'Prado GC','10.00','','','','','','','0000-00-00','b59c67bf196a4758191e42f76670ceba','202cb962ac59075b964b07152d234b70','','Beanstream'),(223,171,231,1,0,12,'Prado GC','10.00','','','','','','','0000-00-00','b59c67bf196a4758191e42f76670ceba','202cb962ac59075b964b07152d234b70','','Beanstream'),(224,172,232,1,0,12,'Prado GC','10.00','','','','','','','0000-00-00','b59c67bf196a4758191e42f76670ceba','202cb962ac59075b964b07152d234b70','','Beanstream'),(225,173,233,1,0,12,'Prado GC','10.00','','','','','','','0000-00-00','b59c67bf196a4758191e42f76670ceba','202cb962ac59075b964b07152d234b70','','Beanstream'),(226,174,234,1,0,12,'Prado GC','10.00','','','','','','','0000-00-00','b59c67bf196a4758191e42f76670ceba','202cb962ac59075b964b07152d234b70','','Beanstream'),(227,175,235,1,0,12,'Prado GC','10.00','','','','','','','0000-00-00','b59c67bf196a4758191e42f76670ceba','202cb962ac59075b964b07152d234b70','','Beanstream'),(228,1,236,1,0,9,'PayPal','0.00','Dmytro','Dvynyaninov','mr','PA-6P092918J2228574S','','','2013-05-05','81dc9bdb52d04dc20036dbd8313ed055','d41d8cd98f00b204e9800998ecf8427e','ddvinyaninov@yahoo.com','Paypal'),(351,257,359,1,0,12,'Pikolo GC','5.00','','','','','','','0000-00-00','','202cb962ac59075b964b07152d234b70','','Beanstream'),(230,118,238,1,0,9,'Paypal','0.00','','','','PA-5A0787618P004705P','','','2013-04-15','81dc9bdb52d04dc20036dbd8313ed055','d41d8cd98f00b204e9800998ecf8427e','dmitryinc@payphoneapp.com','Paypal'),(231,176,239,1,0,12,'Prado GC','10.00','','','','','','','0000-00-00','b59c67bf196a4758191e42f76670ceba','202cb962ac59075b964b07152d234b70','','Beanstream'),(232,104,240,1,0,9,'PayPal','0.00','Notman House','','','PA-4Y286286486312300','','','2013-05-05','81dc9bdb52d04dc20036dbd8313ed055','d41d8cd98f00b204e9800998ecf8427e','general@payphoneapp.com','Paypal'),(352,112,360,1,0,11,'AMEX','2.08','Noah','Heath','','','','','2013-04-01','','','','Beanstream'),(311,225,319,1,0,12,'Pikolo GC','5.00','','','','','','','0000-00-00','b59c67bf196a4758191e42f76670ceba','202cb962ac59075b964b07152d234b70','','Beanstream'),(233,177,241,1,0,12,'Prado GC','10.00','','','','','','','0000-00-00','b59c67bf196a4758191e42f76670ceba','202cb962ac59075b964b07152d234b70','','Beanstream'),(234,178,242,1,0,12,'Prado GC','10.00','','','','','','','0000-00-00','b59c67bf196a4758191e42f76670ceba','202cb962ac59075b964b07152d234b70','','Beanstream'),(236,179,244,1,0,12,'Prado GC','10.00','','','','','','','0000-00-00','b59c67bf196a4758191e42f76670ceba','202cb962ac59075b964b07152d234b70','','Beanstream'),(237,179,245,1,0,9,'Paypal','0.00','','','','PA-38839929DS719971H','','','2013-04-18','81dc9bdb52d04dc20036dbd8313ed055','d41d8cd98f00b204e9800998ecf8427e','Ddvinyaninov5@gmail.com','Paypal'),(238,180,246,1,0,12,'Prado GC','10.00','','','','','','','0000-00-00','b59c67bf196a4758191e42f76670ceba','202cb962ac59075b964b07152d234b70','','Beanstream'),(239,180,247,1,0,9,'Paypal','0.00','Jeff','Kolb','','PA-13P94462X1066353S','','','2013-04-19','81dc9bdb52d04dc20036dbd8313ed055','d41d8cd98f00b204e9800998ecf8427e','jeff@payphoneapp.com','Paypal'),(240,181,248,1,0,12,'Prado GC','10.00','','','','','','','0000-00-00','b59c67bf196a4758191e42f76670ceba','202cb962ac59075b964b07152d234b70','','Beanstream'),(241,181,249,1,0,9,'Paypal','0.00','','','','PA-14U84699PC555114Y','','','2013-04-19','81dc9bdb52d04dc20036dbd8313ed055','d41d8cd98f00b204e9800998ecf8427e','wallstreet@payphoneapp.com','Paypal'),(242,182,250,1,0,12,'Prado GC','10.00','','','','','','','0000-00-00','b59c67bf196a4758191e42f76670ceba','202cb962ac59075b964b07152d234b70','','Beanstream'),(243,183,251,1,0,12,'Prado GC','10.00','','','','','','','0000-00-00','b59c67bf196a4758191e42f76670ceba','202cb962ac59075b964b07152d234b70','','Beanstream'),(244,183,252,1,0,9,'Paypal','0.00','','','','PA-13N109096W340511D','','','2013-04-20','81dc9bdb52d04dc20036dbd8313ed055','d41d8cd98f00b204e9800998ecf8427e','ppa@jeffkolb.com','Paypal'),(245,183,253,1,0,1,'Visa','0.00','Jeff','Kolb','','4030000010001234','','','2015-04-01','81dc9bdb52d04dc20036dbd8313ed055','202cb962ac59075b964b07152d234b70','','Beanstream'),(246,184,254,1,0,12,'Prado GC','10.00','','','','','','','0000-00-00','b59c67bf196a4758191e42f76670ceba','202cb962ac59075b964b07152d234b70','','Beanstream'),(349,112,357,1,0,1,'RBC Visa','0.00','Noah','Macnayr','','4510120907660964','','','2013-04-01','81dc9bdb52d04dc20036dbd8313ed055','0537fb40a68c18da59a35c2bfe1ca554','','Beanstream'),(247,185,255,1,0,12,'Prado GC','10.00','','','','','','','0000-00-00','b59c67bf196a4758191e42f76670ceba','202cb962ac59075b964b07152d234b70','','Beanstream'),(248,186,256,1,0,12,'Prado GC','10.00','','','','','','','0000-00-00','b59c67bf196a4758191e42f76670ceba','202cb962ac59075b964b07152d234b70','','Beanstream'),(249,187,257,1,0,12,'Prado GC','10.00','','','','','','','0000-00-00','b59c67bf196a4758191e42f76670ceba','202cb962ac59075b964b07152d234b70','','Beanstream'),(250,188,258,1,0,12,'Prado GC','10.00','','','','','','','0000-00-00','b59c67bf196a4758191e42f76670ceba','202cb962ac59075b964b07152d234b70','','Beanstream'),(251,189,259,1,0,12,'Prado GC','10.00','','','','','','','0000-00-00','b59c67bf196a4758191e42f76670ceba','202cb962ac59075b964b07152d234b70','','Beanstream'),(252,190,260,1,0,12,'Prado GC','10.00','','','','','','','0000-00-00','b59c67bf196a4758191e42f76670ceba','202cb962ac59075b964b07152d234b70','','Beanstream'),(253,191,261,1,0,12,'Prado GC','10.00','','','','','','','0000-00-00','b59c67bf196a4758191e42f76670ceba','202cb962ac59075b964b07152d234b70','','Beanstream'),(254,192,262,1,0,12,'Prado GC','10.00','','','','','','','0000-00-00','b59c67bf196a4758191e42f76670ceba','202cb962ac59075b964b07152d234b70','','Beanstream'),(255,193,263,1,0,12,'Prado GC','10.00','','','','','','','0000-00-00','b59c67bf196a4758191e42f76670ceba','202cb962ac59075b964b07152d234b70','','Beanstream'),(256,194,264,1,0,12,'Prado GC','10.00','','','','','','','0000-00-00','b59c67bf196a4758191e42f76670ceba','202cb962ac59075b964b07152d234b70','','Beanstream'),(257,195,265,1,0,12,'Prado GC','10.00','','','','','','','0000-00-00','b59c67bf196a4758191e42f76670ceba','202cb962ac59075b964b07152d234b70','','Beanstream'),(258,196,266,1,0,12,'Prado GC','10.00','','','','','','','0000-00-00','b59c67bf196a4758191e42f76670ceba','202cb962ac59075b964b07152d234b70','','Beanstream'),(259,197,267,1,0,12,'Prado GC','10.00','','','','','','','0000-00-00','b59c67bf196a4758191e42f76670ceba','202cb962ac59075b964b07152d234b70','','Beanstream'),(260,198,268,1,0,12,'Prado GC','10.00','','','','','','','0000-00-00','b59c67bf196a4758191e42f76670ceba','202cb962ac59075b964b07152d234b70','','Beanstream'),(261,199,269,1,0,12,'Prado GC','10.00','','','','','','','0000-00-00','b59c67bf196a4758191e42f76670ceba','202cb962ac59075b964b07152d234b70','','Beanstream'),(262,200,270,1,0,12,'Prado GC','10.00','','','','','','','0000-00-00','b59c67bf196a4758191e42f76670ceba','202cb962ac59075b964b07152d234b70','','Beanstream'),(263,201,271,1,0,12,'Prado GC','10.00','','','','','','','0000-00-00','b59c67bf196a4758191e42f76670ceba','202cb962ac59075b964b07152d234b70','','Beanstream'),(264,202,272,1,0,12,'Prado GC','10.00','','','','','','','0000-00-00','b59c67bf196a4758191e42f76670ceba','202cb962ac59075b964b07152d234b70','','Beanstream'),(265,203,273,1,0,12,'Prado GC','10.00','','','','','','','0000-00-00','b59c67bf196a4758191e42f76670ceba','202cb962ac59075b964b07152d234b70','','Beanstream'),(266,204,274,1,0,12,'Prado GC','10.00','','','','','','','0000-00-00','b59c67bf196a4758191e42f76670ceba','202cb962ac59075b964b07152d234b70','','Beanstream'),(267,204,275,1,0,1,'Visa','0.00','Dmytro','Dvynyaninov','','4030000010001234','','','2014-02-01','81dc9bdb52d04dc20036dbd8313ed055','202cb962ac59075b964b07152d234b70','','Beanstream'),(293,201,301,0,0,9,'PayPal','0.00','','','','PA-1Y9400218G0083511','','','2013-05-10','81dc9bdb52d04dc20036dbd8313ed055','d41d8cd98f00b204e9800998ecf8427e','ddvinyaninov@gmail.com','Paypal'),(271,207,279,1,0,12,'Prado GC','10.00','','','','','','','0000-00-00','b59c67bf196a4758191e42f76670ceba','202cb962ac59075b964b07152d234b70','','Beanstream'),(268,178,243,1,0,9,'PayPal','0.00','Dmytro','Dvynyaninov','Mr.','PA-50E580763N4562933','','','2013-04-24','81dc9bdb52d04dc20036dbd8313ed055','d41d8cd98f00b204e9800998ecf8427e','paypal3@payphoneapp.com','Paypal'),(269,205,277,1,0,12,'Prado GC','10.00','','','','','','','0000-00-00','b59c67bf196a4758191e42f76670ceba','202cb962ac59075b964b07152d234b70','','Beanstream'),(270,206,278,1,0,12,'Prado GC','10.00','','','','','','','0000-00-00','b59c67bf196a4758191e42f76670ceba','202cb962ac59075b964b07152d234b70','','Beanstream'),(274,208,282,1,0,12,'Prado GC','10.00','','','','','','','0000-00-00','b59c67bf196a4758191e42f76670ceba','202cb962ac59075b964b07152d234b70','','Beanstream'),(273,201,281,1,0,1,'Visa','0.00','Test','User','','4030000010001234','','','2015-01-01','81dc9bdb52d04dc20036dbd8313ed055','202cb962ac59075b964b07152d234b70','','Beanstream'),(275,209,283,1,0,12,'Prado GC','10.00','','','','','','','0000-00-00','b59c67bf196a4758191e42f76670ceba','202cb962ac59075b964b07152d234b70','','Beanstream'),(276,210,284,1,0,12,'Prado GC','10.00','','','','','','','0000-00-00','b59c67bf196a4758191e42f76670ceba','202cb962ac59075b964b07152d234b70','','Beanstream'),(277,211,285,1,0,12,'Prado GC','10.00','','','','','','','0000-00-00','b59c67bf196a4758191e42f76670ceba','202cb962ac59075b964b07152d234b70','','Beanstream'),(278,211,286,0,0,1,'Visa','0.00','Steven','Lachance','','4530912339031046','','','2012-10-01','bdc4626aa1d1df8e14d80d345b2a442d','eb163727917cbba1eea208541a643e74','','Beanstream'),(279,212,287,1,0,12,'Prado GC','10.00','','','','','','','0000-00-00','b59c67bf196a4758191e42f76670ceba','202cb962ac59075b964b07152d234b70','','Beanstream'),(280,213,288,1,0,12,'Prado GC','10.00','','','','','','','0000-00-00','b59c67bf196a4758191e42f76670ceba','202cb962ac59075b964b07152d234b70','','Beanstream'),(281,214,289,1,0,12,'Prado GC','10.00','','','','','','','0000-00-00','b59c67bf196a4758191e42f76670ceba','202cb962ac59075b964b07152d234b70','','Beanstream'),(282,215,290,1,0,12,'Prado GC','10.00','','','','','','','0000-00-00','b59c67bf196a4758191e42f76670ceba','202cb962ac59075b964b07152d234b70','','Beanstream'),(283,216,291,1,0,12,'Prado GC','10.00','','','','','','','0000-00-00','b59c67bf196a4758191e42f76670ceba','202cb962ac59075b964b07152d234b70','','Beanstream'),(284,217,292,1,0,12,'Prado GC','10.00','','','','','','','0000-00-00','b59c67bf196a4758191e42f76670ceba','202cb962ac59075b964b07152d234b70','','Beanstream'),(285,208,293,0,0,1,'Vince','0.00','Vincent','Perreault','','4540310357827023','','','2013-08-01','1f36c15d6a3d18d52e8d493bc8187cb9','38af86134b65d0f10fe33d30dd76442e','','Beanstream'),(286,208,294,0,0,1,'Vince','0.00','Vincent','Perreault','','4540310357827023','','','2013-08-01','1f36c15d6a3d18d52e8d493bc8187cb9','38af86134b65d0f10fe33d30dd76442e','','Beanstream'),(287,208,295,0,0,1,'Vince','0.00','Vincent','Perreault','','4540310357827023','','','2013-08-01','1f36c15d6a3d18d52e8d493bc8187cb9','38af86134b65d0f10fe33d30dd76442e','','Beanstream'),(288,218,296,1,0,12,'Prado GC','10.00','','','','','','','0000-00-00','b59c67bf196a4758191e42f76670ceba','202cb962ac59075b964b07152d234b70','','Beanstream'),(289,218,297,0,0,1,'Visa','0.00','Yo','Bro','','4030000010001234','','','2013-07-01','e9510081ac30ffa83f10b68cde1cac07','202cb962ac59075b964b07152d234b70','','Beanstream'),(290,218,298,0,0,1,'Visa','0.00','Yo','Bro','','4030000010001234','','','2013-07-01','e9510081ac30ffa83f10b68cde1cac07','202cb962ac59075b964b07152d234b70','','Beanstream'),(291,218,299,1,0,1,'Visa','0.00','Yo','Bro','','4030000010001234','','','2013-07-01','e9510081ac30ffa83f10b68cde1cac07','202cb962ac59075b964b07152d234b70','','Beanstream'),(312,226,320,1,0,12,'Pikolo GC','5.00','','','','','','','0000-00-00','b59c67bf196a4758191e42f76670ceba','202cb962ac59075b964b07152d234b70','','Beanstream'),(321,230,329,1,0,12,'Pikolo GC','5.00','','','','','','','0000-00-00','','202cb962ac59075b964b07152d234b70','','Beanstream'),(322,231,330,1,0,12,'Pikolo GC','5.00','','','','','','','0000-00-00','','202cb962ac59075b964b07152d234b70','','Beanstream'),(320,1,328,1,0,1,'TD Visa','0.00','Dmytro','Dvynyaninov','','4520880016474171','','','2013-05-01','81dc9bdb52d04dc20036dbd8313ed055','d61e4bbd6393c9111e6526ea173a7c8b','','Beanstream'),(304,219,312,1,0,12,'Pikolo GC','5.00','','','','','','','0000-00-00','b59c67bf196a4758191e42f76670ceba','202cb962ac59075b964b07152d234b70','','Beanstream'),(305,220,313,1,0,12,'Pikolo GC','5.00','','','','','','','0000-00-00','b59c67bf196a4758191e42f76670ceba','202cb962ac59075b964b07152d234b70','','Beanstream'),(306,221,314,1,0,12,'Pikolo GC','5.00','','','','','','','0000-00-00','b59c67bf196a4758191e42f76670ceba','202cb962ac59075b964b07152d234b70','','Beanstream'),(307,222,315,1,0,12,'Pikolo GC','5.00','','','','','','','0000-00-00','b59c67bf196a4758191e42f76670ceba','202cb962ac59075b964b07152d234b70','','Beanstream'),(308,223,316,1,0,12,'Pikolo GC','5.00','','','','','','','0000-00-00','b59c67bf196a4758191e42f76670ceba','202cb962ac59075b964b07152d234b70','','Beanstream'),(309,224,317,1,0,12,'Pikolo GC','5.00','','','','','','','0000-00-00','b59c67bf196a4758191e42f76670ceba','202cb962ac59075b964b07152d234b70','','Beanstream'),(314,228,322,1,0,12,'Pikolo GC','5.00','','','','','','','0000-00-00','','202cb962ac59075b964b07152d234b70','','Beanstream'),(315,229,323,1,0,12,'Pikolo GC','5.00','','','','','','','0000-00-00','','202cb962ac59075b964b07152d234b70','','Beanstream'),(324,233,332,1,0,12,'Pikolo GC','5.00','','','','','','','0000-00-00','','202cb962ac59075b964b07152d234b70','','Beanstream'),(323,232,331,1,0,12,'Pikolo GC','5.00','','','','','','','0000-00-00','','202cb962ac59075b964b07152d234b70','','Beanstream'),(325,234,333,1,0,12,'Pikolo GC','5.00','','','','','','','0000-00-00','','202cb962ac59075b964b07152d234b70','','Beanstream'),(326,235,334,1,0,12,'Pikolo GC','5.00','','','','','','','0000-00-00','','202cb962ac59075b964b07152d234b70','','Beanstream'),(327,236,335,1,0,12,'Pikolo GC','5.00','','','','','','','0000-00-00','','202cb962ac59075b964b07152d234b70','','Beanstream'),(328,237,336,1,0,12,'Pikolo GC','5.00','','','','','','','0000-00-00','','202cb962ac59075b964b07152d234b70','','Beanstream'),(329,238,337,1,0,12,'Pikolo GC','5.00','','','','','','','0000-00-00','','202cb962ac59075b964b07152d234b70','','Beanstream'),(330,239,338,1,0,12,'Pikolo GC','5.00','','','','','','','0000-00-00','','202cb962ac59075b964b07152d234b70','','Beanstream'),(331,240,339,1,0,12,'Pikolo GC','5.00','','','','','','','0000-00-00','','202cb962ac59075b964b07152d234b70','','Beanstream'),(332,241,340,1,0,12,'Pikolo GC','5.00','','','','','','','0000-00-00','','202cb962ac59075b964b07152d234b70','','Beanstream'),(333,242,341,1,0,12,'Pikolo GC','5.00','','','','','','','0000-00-00','','202cb962ac59075b964b07152d234b70','','Beanstream'),(334,243,342,1,0,12,'Pikolo GC','5.00','','','','','','','0000-00-00','','202cb962ac59075b964b07152d234b70','','Beanstream'),(335,244,343,1,0,12,'Pikolo GC','5.00','','','','','','','0000-00-00','','202cb962ac59075b964b07152d234b70','','Beanstream'),(336,245,344,1,0,12,'Pikolo GC','5.00','','','','','','','0000-00-00','','202cb962ac59075b964b07152d234b70','','Beanstream'),(337,246,345,1,0,12,'Pikolo GC','5.00','','','','','','','0000-00-00','','202cb962ac59075b964b07152d234b70','','Beanstream'),(338,247,346,1,0,12,'Pikolo GC','5.00','','','','','','','0000-00-00','','202cb962ac59075b964b07152d234b70','','Beanstream'),(339,248,347,1,0,12,'Pikolo GC','5.00','','','','','','','0000-00-00','','202cb962ac59075b964b07152d234b70','','Beanstream'),(340,249,348,1,0,12,'Pikolo GC','5.00','','','','','','','0000-00-00','','202cb962ac59075b964b07152d234b70','','Beanstream'),(341,250,349,1,0,12,'Pikolo GC','5.00','','','','','','','0000-00-00','','202cb962ac59075b964b07152d234b70','','Beanstream'),(342,251,350,1,0,12,'Pikolo GC','5.00','','','','','','','0000-00-00','','202cb962ac59075b964b07152d234b70','','Beanstream'),(343,252,351,1,0,12,'Pikolo GC','5.00','','','','','','','0000-00-00','','202cb962ac59075b964b07152d234b70','','Beanstream'),(344,253,352,1,0,12,'Pikolo GC','5.00','','','','','','','0000-00-00','','202cb962ac59075b964b07152d234b70','','Beanstream'),(345,254,353,1,0,12,'Pikolo GC','5.00','','','','','','','0000-00-00','','202cb962ac59075b964b07152d234b70','','Beanstream'),(346,255,354,1,0,12,'Pikolo GC','5.00','','','','','','','0000-00-00','','202cb962ac59075b964b07152d234b70','','Beanstream'),(347,256,355,1,0,12,'Pikolo GC','5.00','','','','','','','0000-00-00','','202cb962ac59075b964b07152d234b70','','Beanstream'),(348,190,356,1,0,9,'PayPal','0.00','','','','PA-6C576240HR0550649','','','2013-05-25','81dc9bdb52d04dc20036dbd8313ed055','d41d8cd98f00b204e9800998ecf8427e','general@payphoneapp.com','Paypal'),(427,330,434,1,0,12,'Gift Card','0.00','','','','','','','0000-00-00','','202cb962ac59075b964b07152d234b70','','Beanstream'),(357,261,365,1,0,12,'Pikolo GC','5.00','','','','','','','0000-00-00','','202cb962ac59075b964b07152d234b70','','Beanstream'),(353,112,361,0,0,1,'Visa Avion','0.00','Noel','Heath','Mr.','4510 XXXXXXXX 0964','','','2013-04-01','81dc9bdb52d04dc20036dbd8313ed055','0537fb40a68c18da59a35c2bfe1ca554','','Beanstream'),(354,258,362,1,0,12,'Pikolo GC','5.00','','','','','','','0000-00-00','','202cb962ac59075b964b07152d234b70','','Beanstream'),(355,259,363,1,0,12,'Pikolo GC','5.00','','','','','','','0000-00-00','','202cb962ac59075b964b07152d234b70','','Beanstream'),(356,260,364,1,0,12,'Pikolo GC','5.00','','','','','','','0000-00-00','','202cb962ac59075b964b07152d234b70','','Beanstream'),(358,262,366,1,0,12,'Pikolo GC','5.00','','','','','','','0000-00-00','','202cb962ac59075b964b07152d234b70','','Beanstream'),(359,263,367,1,0,12,'Pikolo GC','5.00','','','','','','','0000-00-00','','202cb962ac59075b964b07152d234b70','','Beanstream'),(360,264,368,1,0,12,'Pikolo GC','5.00','','','','','','','0000-00-00','','202cb962ac59075b964b07152d234b70','','Beanstream'),(361,265,369,1,0,12,'Pikolo GC','5.00','','','','','','','0000-00-00','','202cb962ac59075b964b07152d234b70','','Beanstream'),(362,266,370,1,0,12,'Pikolo GC','5.00','','','','','','','0000-00-00','','202cb962ac59075b964b07152d234b70','','Beanstream'),(363,267,371,1,0,12,'Pikolo GC','5.00','','','','','','','0000-00-00','','202cb962ac59075b964b07152d234b70','','Beanstream'),(364,266,370,1,0,11,'AMEX','97.75','','','','','','','2013-04-01','','','','Beanstream'),(365,268,372,1,0,12,'Pikolo GC','5.00','','','','','','','0000-00-00','','202cb962ac59075b964b07152d234b70','','Beanstream'),(366,269,373,1,0,12,'Pikolo GC','5.00','','','','','','','0000-00-00','','202cb962ac59075b964b07152d234b70','','Beanstream'),(367,270,374,1,0,12,'Pikolo GC','5.00','','','','','','','0000-00-00','','202cb962ac59075b964b07152d234b70','','Beanstream'),(368,271,375,1,0,12,'Pikolo GC','5.00','','','','','','','0000-00-00','','202cb962ac59075b964b07152d234b70','','Beanstream'),(369,272,376,1,0,12,'Pikolo GC','5.00','','','','','','','0000-00-00','','202cb962ac59075b964b07152d234b70','','Beanstream'),(370,273,377,1,0,12,'Gift Card','0.00','','','','','','','0000-00-00','','202cb962ac59075b964b07152d234b70','','Beanstream'),(371,274,378,1,0,12,'Gift Card','0.00','','','','','','','0000-00-00','','202cb962ac59075b964b07152d234b70','','Beanstream'),(372,275,379,1,0,12,'Gift Card','0.00','','','','','','','0000-00-00','','202cb962ac59075b964b07152d234b70','','Beanstream'),(373,276,380,1,0,12,'Gift Card','0.00','','','','','','','0000-00-00','','202cb962ac59075b964b07152d234b70','','Beanstream'),(374,277,381,1,0,12,'Gift Card','0.00','','','','','','','0000-00-00','','202cb962ac59075b964b07152d234b70','','Beanstream'),(375,278,382,1,0,12,'Gift Card','0.00','','','','','','','0000-00-00','','202cb962ac59075b964b07152d234b70','','Beanstream'),(376,279,383,1,0,12,'Gift Card','0.00','','','','','','','0000-00-00','','202cb962ac59075b964b07152d234b70','','Beanstream'),(377,280,384,1,0,12,'Gift Card','0.00','','','','','','','0000-00-00','','202cb962ac59075b964b07152d234b70','','Beanstream'),(378,281,385,1,0,12,'Gift Card','0.00','','','','','','','0000-00-00','','202cb962ac59075b964b07152d234b70','','Beanstream'),(379,282,386,1,0,12,'Gift Card','0.00','','','','','','','0000-00-00','','202cb962ac59075b964b07152d234b70','','Beanstream'),(380,283,387,1,0,12,'Gift Card','0.00','','','','','','','0000-00-00','','202cb962ac59075b964b07152d234b70','','Beanstream'),(381,284,388,1,0,12,'Gift Card','0.00','','','','','','','0000-00-00','','202cb962ac59075b964b07152d234b70','','Beanstream'),(382,285,389,1,0,12,'Gift Card','0.00','','','','','','','0000-00-00','','202cb962ac59075b964b07152d234b70','','Beanstream'),(383,286,390,1,0,12,'Gift Card','0.00','','','','','','','0000-00-00','','202cb962ac59075b964b07152d234b70','','Beanstream'),(384,287,391,1,0,12,'Gift Card','0.00','','','','','','','0000-00-00','','202cb962ac59075b964b07152d234b70','','Beanstream'),(385,288,392,1,0,12,'Gift Card','0.00','','','','','','','0000-00-00','','202cb962ac59075b964b07152d234b70','','Beanstream'),(386,289,393,1,0,12,'Gift Card','0.00','','','','','','','0000-00-00','','202cb962ac59075b964b07152d234b70','','Beanstream'),(387,290,394,1,0,12,'Gift Card','0.00','','','','','','','0000-00-00','','202cb962ac59075b964b07152d234b70','','Beanstream'),(388,291,395,1,0,12,'Gift Card','0.00','','','','','','','0000-00-00','','202cb962ac59075b964b07152d234b70','','Beanstream'),(389,292,396,1,0,12,'Gift Card','0.00','','','','','','','0000-00-00','','202cb962ac59075b964b07152d234b70','','Beanstream'),(390,293,397,1,0,12,'Gift Card','0.00','','','','','','','0000-00-00','','202cb962ac59075b964b07152d234b70','','Beanstream'),(391,294,398,1,0,12,'Gift Card','0.00','','','','','','','0000-00-00','','202cb962ac59075b964b07152d234b70','','Beanstream'),(392,295,399,1,0,12,'Gift Card','0.00','','','','','','','0000-00-00','','202cb962ac59075b964b07152d234b70','','Beanstream'),(393,296,400,1,0,12,'Gift Card','0.00','','','','','','','0000-00-00','','202cb962ac59075b964b07152d234b70','','Beanstream'),(394,297,401,1,0,12,'Gift Card','0.00','','','','','','','0000-00-00','','202cb962ac59075b964b07152d234b70','','Beanstream'),(395,298,402,1,0,12,'Gift Card','0.00','','','','','','','0000-00-00','','202cb962ac59075b964b07152d234b70','','Beanstream'),(396,299,403,1,0,12,'Gift Card','0.00','','','','','','','0000-00-00','','202cb962ac59075b964b07152d234b70','','Beanstream'),(397,300,404,1,0,12,'Gift Card','0.00','','','','','','','0000-00-00','','202cb962ac59075b964b07152d234b70','','Beanstream'),(398,301,405,1,0,12,'Gift Card','0.00','','','','','','','0000-00-00','','202cb962ac59075b964b07152d234b70','','Beanstream'),(399,302,406,1,0,12,'Gift Card','0.00','','','','','','','0000-00-00','','202cb962ac59075b964b07152d234b70','','Beanstream'),(400,303,407,1,0,12,'Gift Card','0.00','','','','','','','0000-00-00','','202cb962ac59075b964b07152d234b70','','Beanstream'),(401,304,408,1,0,12,'Gift Card','0.00','','','','','','','0000-00-00','','202cb962ac59075b964b07152d234b70','','Beanstream'),(402,305,409,1,0,12,'Gift Card','0.00','','','','','','','0000-00-00','','202cb962ac59075b964b07152d234b70','','Beanstream'),(403,306,410,1,0,12,'Gift Card','0.00','','','','','','','0000-00-00','','202cb962ac59075b964b07152d234b70','','Beanstream'),(404,307,411,1,0,12,'Gift Card','0.00','','','','','','','0000-00-00','','202cb962ac59075b964b07152d234b70','','Beanstream'),(405,308,412,1,0,12,'Gift Card','0.00','','','','','','','0000-00-00','','202cb962ac59075b964b07152d234b70','','Beanstream'),(406,309,413,1,0,12,'Gift Card','0.00','','','','','','','0000-00-00','','202cb962ac59075b964b07152d234b70','','Beanstream'),(407,310,414,1,0,12,'Gift Card','0.00','','','','','','','0000-00-00','','202cb962ac59075b964b07152d234b70','','Beanstream'),(408,311,415,1,0,12,'Gift Card','0.00','','','','','','','0000-00-00','','202cb962ac59075b964b07152d234b70','','Beanstream'),(409,312,416,1,0,12,'Gift Card','0.00','','','','','','','0000-00-00','','202cb962ac59075b964b07152d234b70','','Beanstream'),(410,313,417,1,0,12,'Gift Card','0.00','','','','','','','0000-00-00','','202cb962ac59075b964b07152d234b70','','Beanstream'),(411,314,418,1,0,12,'Gift Card','0.00','','','','','','','0000-00-00','','202cb962ac59075b964b07152d234b70','','Beanstream'),(412,315,419,1,0,12,'Gift Card','0.00','','','','','','','0000-00-00','','202cb962ac59075b964b07152d234b70','','Beanstream'),(413,316,420,1,0,12,'Gift Card','0.00','','','','','','','0000-00-00','','202cb962ac59075b964b07152d234b70','','Beanstream'),(414,317,421,1,0,12,'Gift Card','0.00','','','','','','','0000-00-00','','202cb962ac59075b964b07152d234b70','','Beanstream'),(415,318,422,1,0,12,'Gift Card','0.00','','','','','','','0000-00-00','','202cb962ac59075b964b07152d234b70','','Beanstream'),(416,319,423,1,0,12,'Gift Card','0.00','','','','','','','0000-00-00','','202cb962ac59075b964b07152d234b70','','Beanstream'),(417,320,424,1,0,12,'Gift Card','0.00','','','','','','','0000-00-00','','202cb962ac59075b964b07152d234b70','','Beanstream'),(418,321,425,1,0,12,'Gift Card','0.00','','','','','','','0000-00-00','','202cb962ac59075b964b07152d234b70','','Beanstream'),(419,322,426,1,0,12,'Gift Card','0.00','','','','','','','0000-00-00','','202cb962ac59075b964b07152d234b70','','Beanstream'),(420,323,427,1,0,12,'Gift Card','0.00','','','','','','','0000-00-00','','202cb962ac59075b964b07152d234b70','','Beanstream'),(421,324,428,1,0,12,'Gift Card','0.00','','','','','','','0000-00-00','','202cb962ac59075b964b07152d234b70','','Beanstream'),(422,325,429,1,0,12,'Gift Card','0.00','','','','','','','0000-00-00','','202cb962ac59075b964b07152d234b70','','Beanstream'),(423,326,430,1,0,12,'Gift Card','0.00','','','','','','','0000-00-00','','202cb962ac59075b964b07152d234b70','','Beanstream'),(424,327,431,1,0,12,'Gift Card','0.00','','','','','','','0000-00-00','','202cb962ac59075b964b07152d234b70','','Beanstream'),(425,328,432,1,0,12,'Gift Card','0.00','','','','','','','0000-00-00','','202cb962ac59075b964b07152d234b70','','Beanstream'),(426,329,433,1,0,12,'Gift Card','0.00','','','','','','','0000-00-00','','202cb962ac59075b964b07152d234b70','','Beanstream');
/*!40000 ALTER TABLE `account` ENABLE KEYS */;
UNLOCK TABLES;

--
-- Table structure for table `account_old`
--

DROP TABLE IF EXISTS `account_old`;
/*!40101 SET @saved_cs_client     = @@character_set_client */;
/*!40101 SET character_set_client = utf8 */;
CREATE TABLE `account_old` (
  `account_id` int(10) unsigned NOT NULL AUTO_INCREMENT,
  `user_id` int(10) unsigned NOT NULL DEFAULT '0',
  `address_id` int(10) unsigned NOT NULL DEFAULT '0',
  `account_enabled` int(1) unsigned NOT NULL DEFAULT '0',
  `account_flagged` int(1) unsigned NOT NULL DEFAULT '0',
  `account_type` int(2) NOT NULL DEFAULT '0',
  `account_name` varchar(30) NOT NULL DEFAULT '',
  `account_balance` decimal(10,2) NOT NULL DEFAULT '0.00',
  `account_firstname` varchar(50) NOT NULL DEFAULT '',
  `account_lastname` varchar(50) NOT NULL DEFAULT '',
  `account_prefix` varchar(10) NOT NULL DEFAULT '',
  `account_number` varchar(20) NOT NULL DEFAULT '',
  `account_transit` varchar(5) NOT NULL DEFAULT '',
  `account_institution` varchar(3) NOT NULL DEFAULT '',
  `account_expiry` date NOT NULL DEFAULT '0000-00-00',
  `account_security_pin` varchar(32) NOT NULL DEFAULT '',
  `account_security_number` varchar(32) NOT NULL DEFAULT '',
  PRIMARY KEY (`account_id`),
  KEY `user_id` (`user_id`),
  KEY `address_id` (`address_id`)
) ENGINE=MyISAM AUTO_INCREMENT=228 DEFAULT CHARSET=utf8;
/*!40101 SET character_set_client = @saved_cs_client */;

--
-- Dumping data for table `account_old`
--

LOCK TABLES `account_old` WRITE;
/*!40000 ALTER TABLE `account_old` DISABLE KEYS */;
INSERT INTO `account_old` VALUES (1,1,1,1,0,12,'Prado GC','39.83','','','','','','','0000-00-00','',''),(2,2,2,1,0,12,'Prado GC','10.00','d','d','d','','','','0000-00-00','',''),(117,73,133,0,0,1,'undefined','0.00','Noah','Heath','','4030000010001234','','','2011-10-01','81dc9bdb52d04dc20036dbd8313ed055','202cb962ac59075b964b07152d234b70'),(118,73,134,0,0,1,'undefined','0.00','N','Liu','','4030000010001234','','','2012-10-01','81dc9bdb52d04dc20036dbd8313ed055','202cb962ac59075b964b07152d234b70'),(133,73,149,0,0,11,'Prado GC ','0.00','Noah','Heaf','','','','','0000-00-00','81dc9bdb52d04dc20036dbd8313ed055','9fc3d7152ba9336a670e36d0ed79bc43'),(134,73,150,0,0,11,'Prado GC ','0.00','Noah','Heaf','','','','','0000-00-00','81dc9bdb52d04dc20036dbd8313ed055','9fc3d7152ba9336a670e36d0ed79bc43'),(135,104,151,1,0,12,'Prado GC','10.00','','','','','','','0000-00-00','',''),(136,105,152,1,0,12,'Prado GC','10.00','','','','','','','0000-00-00','',''),(137,104,153,1,0,1,'Visa','0.00','undefined','undefined','','4030000010001234','','','2011-12-01','81dc9bdb52d04dc20036dbd8313ed055','3def184ad8f4755ff269862ea77393dd'),(138,106,154,1,0,12,'Prado GC','10.00','','','','','','','0000-00-00','',''),(139,106,155,0,0,1,'Visa','0.00','Noah','Heath','Mr.','4030000010001234','','','2013-07-01','81dc9bdb52d04dc20036dbd8313ed055','202cb962ac59075b964b07152d234b70'),(140,106,156,1,0,3,'AMEX','0.00','Noah','Heath','Mr.','371100001000131','','','2012-04-01','81dc9bdb52d04dc20036dbd8313ed055','81dc9bdb52d04dc20036dbd8313ed055'),(141,107,157,1,0,12,'Prado GC','10.00','','','','','','','0000-00-00','',''),(142,107,158,1,0,3,'Amex','0.00','Noah','Heath','Mr.','371100001000131','','','2012-07-01','81dc9bdb52d04dc20036dbd8313ed055','81dc9bdb52d04dc20036dbd8313ed055'),(143,107,159,1,0,3,'Amex (d)','0.00','Noah','MacNayr','Mr.','342400001000180','','','2012-01-01','81dc9bdb52d04dc20036dbd8313ed055','81dc9bdb52d04dc20036dbd8313ed055'),(144,107,160,0,0,3,'Amex (d)','0.00','Noah','MacNayr','','342400001000180','','','2012-01-01','81dc9bdb52d04dc20036dbd8313ed055','81dc9bdb52d04dc20036dbd8313ed055'),(145,107,161,0,0,3,'Amex (d)','0.00','Noah','MacNayr','','342400001000180','','','2012-01-01','81dc9bdb52d04dc20036dbd8313ed055','81dc9bdb52d04dc20036dbd8313ed055'),(156,108,162,1,0,12,'Prado GC','10.00','','','','','','','0000-00-00','',''),(157,108,163,1,0,1,'Visa','0.00','Amy','York','','4030000010001234','','','2012-02-01','81dc9bdb52d04dc20036dbd8313ed055','202cb962ac59075b964b07152d234b70'),(158,107,164,1,0,1,'Visa 2','0.00','Noah','Heath','','4123450131003312','','','2012-01-01','81dc9bdb52d04dc20036dbd8313ed055','202cb962ac59075b964b07152d234b70'),(159,107,165,1,0,2,'Mastercard','0.00','Noah','Heath','','5100000010001004','','','2012-02-01','81dc9bdb52d04dc20036dbd8313ed055','202cb962ac59075b964b07152d234b70'),(160,1,166,1,0,1,'MC APRVD','0.00','Dmytro','Dvynyaninov','','5194930004875020','','','2016-11-01','81dc9bdb52d04dc20036dbd8313ed055','202cb962ac59075b964b07152d234b70'),(161,109,167,1,0,12,'Prado GC','10.00','','','','','','','0000-00-00','b59c67bf196a4758191e42f76670ceba',''),(162,112,170,1,0,12,'Prado GC','1.13','','','','','','','0000-00-00','b59c67bf196a4758191e42f76670ceba','202cb962ac59075b964b07152d234b70'),(163,113,171,1,0,12,'Prado GC','10.00','','','','','','','0000-00-00','b59c67bf196a4758191e42f76670ceba','202cb962ac59075b964b07152d234b70'),(164,114,172,1,0,12,'Prado GC','10.00','','','','','','','0000-00-00','b59c67bf196a4758191e42f76670ceba','202cb962ac59075b964b07152d234b70'),(165,165,173,1,0,12,'Prado GC','10.00','','','','','','','0000-00-00','b59c67bf196a4758191e42f76670ceba','202cb962ac59075b964b07152d234b70'),(166,112,174,1,0,1,'Visa','0.00','Noah','Heath','','4030000010001234','','','2012-05-01','81dc9bdb52d04dc20036dbd8313ed055','202cb962ac59075b964b07152d234b70'),(167,116,175,1,0,12,'Prado GC','10.00','','','','','','','0000-00-00','b59c67bf196a4758191e42f76670ceba','202cb962ac59075b964b07152d234b70'),(168,117,176,1,0,12,'Prado GC','10.00','','','','','','','0000-00-00','b59c67bf196a4758191e42f76670ceba','202cb962ac59075b964b07152d234b70'),(169,117,177,0,0,1,'Test visa','0.00','Mike','Mitchell','','4030000010001234','','','2013-02-01','ff49cc40a8890e6a60f40ff3026d2730','202cb962ac59075b964b07152d234b70'),(170,117,178,1,0,1,'Test visa','0.00','Mike','Mitchell','','4030000010001234','','','2013-02-01','ff49cc40a8890e6a60f40ff3026d2730','202cb962ac59075b964b07152d234b70'),(171,118,179,1,0,12,'Prado GC','10.00','','','','','','','0000-00-00','b59c67bf196a4758191e42f76670ceba','202cb962ac59075b964b07152d234b70'),(172,119,180,1,0,12,'Prado GC','10.00','','','','','','','0000-00-00','b59c67bf196a4758191e42f76670ceba','202cb962ac59075b964b07152d234b70'),(173,120,181,1,0,12,'Prado GC','10.00','','','','','','','0000-00-00','b59c67bf196a4758191e42f76670ceba','202cb962ac59075b964b07152d234b70'),(174,121,182,1,0,12,'Prado GC','10.00','','','','','','','0000-00-00','b59c67bf196a4758191e42f76670ceba','202cb962ac59075b964b07152d234b70'),(175,122,183,1,0,12,'Prado GC','10.00','','','','','','','0000-00-00','b59c67bf196a4758191e42f76670ceba','202cb962ac59075b964b07152d234b70'),(176,123,184,1,0,12,'Prado GC','10.00','','','','','','','0000-00-00','b59c67bf196a4758191e42f76670ceba','202cb962ac59075b964b07152d234b70'),(177,124,185,1,0,12,'Prado GC','10.00','','','','','','','0000-00-00','b59c67bf196a4758191e42f76670ceba','202cb962ac59075b964b07152d234b70'),(178,125,186,1,0,12,'Prado GC','10.00','','','','','','','0000-00-00','b59c67bf196a4758191e42f76670ceba','202cb962ac59075b964b07152d234b70'),(179,126,187,1,0,12,'Prado GC','10.00','','','','','','','0000-00-00','b59c67bf196a4758191e42f76670ceba','202cb962ac59075b964b07152d234b70'),(180,127,188,1,0,12,'Prado GC','10.00','','','','','','','0000-00-00','b59c67bf196a4758191e42f76670ceba','202cb962ac59075b964b07152d234b70'),(181,128,189,1,0,12,'Prado GC','10.00','','','','','','','0000-00-00','b59c67bf196a4758191e42f76670ceba','202cb962ac59075b964b07152d234b70'),(182,129,190,1,0,12,'Prado GC','10.00','','','','','','','0000-00-00','b59c67bf196a4758191e42f76670ceba','202cb962ac59075b964b07152d234b70'),(183,130,191,1,0,12,'Prado GC','10.00','','','','','','','0000-00-00','b59c67bf196a4758191e42f76670ceba','202cb962ac59075b964b07152d234b70'),(184,131,192,1,0,12,'Prado GC','10.00','','','','','','','0000-00-00','b59c67bf196a4758191e42f76670ceba','202cb962ac59075b964b07152d234b70'),(185,132,193,1,0,12,'Prado GC','10.00','','','','','','','0000-00-00','b59c67bf196a4758191e42f76670ceba','202cb962ac59075b964b07152d234b70'),(186,133,194,1,0,12,'Prado GC','10.00','','','','','','','0000-00-00','b59c67bf196a4758191e42f76670ceba','202cb962ac59075b964b07152d234b70'),(187,134,195,1,0,12,'Prado GC','10.00','','','','','','','0000-00-00','b59c67bf196a4758191e42f76670ceba','202cb962ac59075b964b07152d234b70'),(188,135,196,1,0,12,'Prado GC','10.00','','','','','','','0000-00-00','b59c67bf196a4758191e42f76670ceba','202cb962ac59075b964b07152d234b70'),(189,136,197,1,0,12,'Prado GC','10.00','','','','','','','0000-00-00','b59c67bf196a4758191e42f76670ceba','202cb962ac59075b964b07152d234b70'),(190,137,198,1,0,12,'Prado GC','10.00','','','','','','','0000-00-00','b59c67bf196a4758191e42f76670ceba','202cb962ac59075b964b07152d234b70'),(191,138,199,1,0,12,'Prado GC','4.15','','','','','','','0000-00-00','b59c67bf196a4758191e42f76670ceba','202cb962ac59075b964b07152d234b70'),(192,139,200,1,0,12,'Prado GC','10.00','','','','','','','0000-00-00','b59c67bf196a4758191e42f76670ceba','202cb962ac59075b964b07152d234b70'),(193,140,201,1,0,12,'Prado GC','10.00','','','','','','','0000-00-00','b59c67bf196a4758191e42f76670ceba','202cb962ac59075b964b07152d234b70'),(194,141,202,1,0,12,'Prado GC','10.00','','','','','','','0000-00-00','b59c67bf196a4758191e42f76670ceba','202cb962ac59075b964b07152d234b70'),(195,142,203,1,0,12,'Prado GC','10.00','','','','','','','0000-00-00','b59c67bf196a4758191e42f76670ceba','202cb962ac59075b964b07152d234b70'),(196,143,204,1,0,12,'Prado GC','4.40','','','','','','','0000-00-00','b59c67bf196a4758191e42f76670ceba','202cb962ac59075b964b07152d234b70'),(197,143,205,0,0,2,'Capitol One MC','0.00','Boris','Mann','','5555555555555555555','','','2015-01-01','d41d8cd98f00b204e9800998ecf8427e','d41d8cd98f00b204e9800998ecf8427e'),(198,144,206,1,0,12,'Prado GC','4.15','','','','','','','0000-00-00','b59c67bf196a4758191e42f76670ceba','202cb962ac59075b964b07152d234b70'),(199,145,207,1,0,12,'Prado GC','10.00','','','','','','','0000-00-00','b59c67bf196a4758191e42f76670ceba','202cb962ac59075b964b07152d234b70'),(200,146,208,1,0,12,'Prado GC','10.00','','','','','','','0000-00-00','b59c67bf196a4758191e42f76670ceba','202cb962ac59075b964b07152d234b70'),(201,147,209,1,0,12,'Prado GC','10.00','','','','','','','0000-00-00','b59c67bf196a4758191e42f76670ceba','202cb962ac59075b964b07152d234b70'),(202,148,210,1,0,12,'Prado GC','10.00','','','','','','','0000-00-00','b59c67bf196a4758191e42f76670ceba','202cb962ac59075b964b07152d234b70'),(203,149,211,1,0,12,'Prado GC','10.00','','','','','','','0000-00-00','b59c67bf196a4758191e42f76670ceba','202cb962ac59075b964b07152d234b70'),(204,150,212,1,0,12,'Prado GC','10.00','','','','','','','0000-00-00','b59c67bf196a4758191e42f76670ceba','202cb962ac59075b964b07152d234b70'),(205,151,213,1,0,12,'Prado GC','10.00','','','','','','','0000-00-00','b59c67bf196a4758191e42f76670ceba','202cb962ac59075b964b07152d234b70'),(206,152,214,1,0,12,'Prado GC','1.90','','','','','','','0000-00-00','b59c67bf196a4758191e42f76670ceba','202cb962ac59075b964b07152d234b70'),(207,153,215,1,0,12,'Prado GC','10.00','','','','','','','0000-00-00','b59c67bf196a4758191e42f76670ceba','202cb962ac59075b964b07152d234b70'),(208,154,216,1,0,12,'Prado GC','10.00','','','','','','','0000-00-00','b59c67bf196a4758191e42f76670ceba','202cb962ac59075b964b07152d234b70'),(209,155,217,1,0,12,'Prado GC','6.27','','','','','','','0000-00-00','b59c67bf196a4758191e42f76670ceba','202cb962ac59075b964b07152d234b70'),(210,156,218,1,0,12,'Prado GC','10.00','','','','','','','0000-00-00','b59c67bf196a4758191e42f76670ceba','202cb962ac59075b964b07152d234b70'),(211,157,219,1,0,12,'Prado GC','10.00','','','','','','','0000-00-00','b59c67bf196a4758191e42f76670ceba','202cb962ac59075b964b07152d234b70'),(212,158,220,1,0,12,'Prado GC','10.00','','','','','','','0000-00-00','b59c67bf196a4758191e42f76670ceba','202cb962ac59075b964b07152d234b70'),(213,159,221,1,0,12,'Prado GC','7.37','','','','','','','0000-00-00','b59c67bf196a4758191e42f76670ceba','202cb962ac59075b964b07152d234b70'),(214,150,222,1,0,3,'Test Amex - Prado Only','0.00','Test','Amex','','371100001000131','','','2012-01-01','81dc9bdb52d04dc20036dbd8313ed055','81dc9bdb52d04dc20036dbd8313ed055'),(215,161,223,1,0,12,'Prado GC','10.00','','','','','','','0000-00-00','b59c67bf196a4758191e42f76670ceba','202cb962ac59075b964b07152d234b70'),(216,162,224,1,0,12,'Prado GC','10.00','','','','','','','0000-00-00','b59c67bf196a4758191e42f76670ceba','202cb962ac59075b964b07152d234b70'),(217,163,225,1,0,12,'Prado GC','10.00','','','','','','','0000-00-00','b59c67bf196a4758191e42f76670ceba','202cb962ac59075b964b07152d234b70'),(218,164,226,1,0,12,'Prado GC','10.00','','','','','','','0000-00-00','b59c67bf196a4758191e42f76670ceba','202cb962ac59075b964b07152d234b70'),(219,167,227,1,0,12,'Prado GC','10.00','','','','','','','0000-00-00','b59c67bf196a4758191e42f76670ceba','202cb962ac59075b964b07152d234b70'),(220,168,228,1,0,12,'Prado GC','10.00','','','','','','','0000-00-00','b59c67bf196a4758191e42f76670ceba','202cb962ac59075b964b07152d234b70'),(221,169,229,1,0,12,'Prado GC','10.00','','','','','','','0000-00-00','b59c67bf196a4758191e42f76670ceba','202cb962ac59075b964b07152d234b70'),(222,170,230,1,0,12,'Prado GC','10.00','','','','','','','0000-00-00','b59c67bf196a4758191e42f76670ceba','202cb962ac59075b964b07152d234b70'),(223,171,231,1,0,12,'Prado GC','10.00','','','','','','','0000-00-00','b59c67bf196a4758191e42f76670ceba','202cb962ac59075b964b07152d234b70'),(224,172,232,1,0,12,'Prado GC','10.00','','','','','','','0000-00-00','b59c67bf196a4758191e42f76670ceba','202cb962ac59075b964b07152d234b70'),(225,173,233,1,0,12,'Prado GC','10.00','','','','','','','0000-00-00','b59c67bf196a4758191e42f76670ceba','202cb962ac59075b964b07152d234b70'),(226,174,234,1,0,12,'Prado GC','10.00','','','','','','','0000-00-00','b59c67bf196a4758191e42f76670ceba','202cb962ac59075b964b07152d234b70'),(227,175,235,1,0,12,'Prado GC','10.00','','','','','','','0000-00-00','b59c67bf196a4758191e42f76670ceba','202cb962ac59075b964b07152d234b70');
/*!40000 ALTER TABLE `account_old` ENABLE KEYS */;
UNLOCK TABLES;

--
-- Table structure for table `accounttype`
--

DROP TABLE IF EXISTS `accounttype`;
/*!40101 SET @saved_cs_client     = @@character_set_client */;
/*!40101 SET character_set_client = utf8 */;
CREATE TABLE `accounttype` (
  `accounttype_id` int(10) unsigned NOT NULL AUTO_INCREMENT,
  `merchant_id` int(10) unsigned NOT NULL DEFAULT '0',
  `accounttype_code` varchar(2) NOT NULL DEFAULT '',
  `accounttype_name` varchar(100) NOT NULL DEFAULT '',
  PRIMARY KEY (`accounttype_id`)
) ENGINE=MyISAM AUTO_INCREMENT=13 DEFAULT CHARSET=latin1;
/*!40101 SET character_set_client = @saved_cs_client */;

--
-- Dumping data for table `accounttype`
--

LOCK TABLES `accounttype` WRITE;
/*!40000 ALTER TABLE `accounttype` DISABLE KEYS */;
INSERT INTO `accounttype` VALUES (1,0,'VI','Visa'),(2,0,'MV','MasterCard'),(3,0,'AM','American Express'),(10,0,'','Bank'),(11,31,'','Gift Card'),(12,31,'','Gift Card'),(9,0,'PP','Paypal');
/*!40000 ALTER TABLE `accounttype` ENABLE KEYS */;
UNLOCK TABLES;

--
-- Table structure for table `address`
--

DROP TABLE IF EXISTS `address`;
/*!40101 SET @saved_cs_client     = @@character_set_client */;
/*!40101 SET character_set_client = utf8 */;
CREATE TABLE `address` (
  `address_id` int(10) unsigned NOT NULL AUTO_INCREMENT,
  `user_id` int(10) unsigned NOT NULL DEFAULT '0',
  `address_street` varchar(100) NOT NULL DEFAULT '',
  `address_city` varchar(100) NOT NULL DEFAULT '',
  `address_state` varchar(100) NOT NULL DEFAULT '',
  `address_zip` varchar(100) NOT NULL DEFAULT '',
  `address_country` varchar(100) NOT NULL DEFAULT 'CA',
  `address_type` varchar(20) NOT NULL DEFAULT 'profile',
  `address_enabled` int(1) NOT NULL DEFAULT '1',
  `device_id` varchar(100) NOT NULL DEFAULT '',
  PRIMARY KEY (`address_id`)
) ENGINE=MyISAM AUTO_INCREMENT=435 DEFAULT CHARSET=utf8;
/*!40101 SET character_set_client = @saved_cs_client */;

--
-- Dumping data for table `address`
--

LOCK TABLES `address` WRITE;
/*!40000 ALTER TABLE `address` DISABLE KEYS */;
INSERT INTO `address` VALUES (1,1,'1009-120 W Cordova St','Vancouver','BC','v6b 0k2','Canada','profile',1,''),(2,2,'','','','','','profile',1,''),(85,103,'3883 east 7th ave','vancouver','BC','v6b2k7','canada','profile',1,''),(133,73,'209 Abbott St','Vancouver','Bc','V6b2k7','country','profile',1,''),(134,73,'2 abbot','Vancouver','Bc','V6b2k7','country','profile',1,''),(149,73,'209 ddkla','Djskks','Bc','V6b2k7','country','profile',1,''),(150,73,'209 ddkla','Djskks','Bc','V6b2k7','country','profile',1,''),(151,104,'','','','','','profile',1,''),(152,105,'','','','','','profile',1,''),(153,104,'209 abbott st','Vancouver','Bc','V6b2k7','undefined','profile',1,''),(154,106,'','','','','','profile',1,''),(155,106,'209 Abbott Street','Vancouver','BC','V6B 2K7','Canada','billing',1,''),(156,106,'209 Abbott Street','Vancouver','BC','V6B 2K7','Canada','billing',1,''),(157,107,'209 Abbott Street','Vancouver','BC','V6B 2K7','Canada','profile',1,''),(158,107,'209 abbott st','Vancouver','BC','V6B 2K7','Canada','profile',1,''),(159,107,'209 Abbott Street','Vancouver','BC','V6B 2K7','Canada','profile',1,''),(160,107,'209 Abbott Street','Vancouver','BC','V6B 2K7','Canada','profile',1,''),(161,107,'209 Abbott Street','Vancouver','BC','V6B 2K7','Canada','profile',1,''),(162,108,'','','','','','profile',1,''),(163,108,'209 abbott st','Vancouver','Bc','V6B2k7','Canada','profile',1,''),(164,107,'209 abbott street','Vancouver','BC','V6b2k7','Canada','profile',1,''),(165,107,'209 abbott','Vancouver','Bc','V6b2k6','Canada','profile',1,''),(166,1,'123 First Ave','Vancouver','BC','v6g1g5','Canada','profile',1,''),(167,109,'','','','','','profile',1,''),(168,110,'','','','','','profile',1,''),(169,111,'','','','','','profile',1,''),(170,112,'209 Abbott St','Vancouver','BC','V6B 2K7','Canada','profile',1,''),(171,113,'','','','','','profile',1,''),(172,114,'','','','','','profile',1,''),(173,115,'','','','','','profile',1,''),(174,112,'209 abbott st','Vancouver','BC','V6b2k7','Canada','profile',1,''),(175,116,'','','','','','profile',1,''),(176,117,'','','','','','profile',1,''),(177,117,'Cordova','Can','Can','Xddxcc','Canada','profile',1,''),(178,117,'Cordova','Vancouver','Bc','V6b 0e6','Canada','profile',1,''),(179,118,'','','','','','profile',1,''),(180,119,'','','','','','profile',1,''),(181,120,'','','','','','profile',1,''),(182,121,'','','','','','profile',1,''),(183,122,'','','','','','profile',1,''),(184,123,'','','','','','profile',1,''),(185,124,'','','','','','profile',1,''),(186,125,'','','','','','profile',1,''),(187,126,'','','','','','profile',1,''),(188,127,'','','','','','profile',1,''),(189,128,'','','','','','profile',1,''),(190,129,'','','','','','profile',1,''),(191,130,'','','','','','profile',1,''),(192,131,'','','','','','profile',1,''),(193,132,'','','','','','profile',1,''),(194,133,'','','','','','profile',1,''),(195,134,'','','','','','profile',1,''),(196,135,'','','','','','profile',1,''),(197,136,'','','','','','profile',1,''),(198,137,'','','','','','profile',1,''),(199,138,'','','','','','profile',1,''),(200,139,'','','','','','profile',1,''),(201,140,'','','','','','profile',1,''),(202,141,'','','','','','profile',1,''),(203,142,'','','','','','profile',1,''),(204,143,'1660 E Georgia, Apt 1','Vancouver','BC','V5L 2B1','Canada','profile',1,''),(205,143,'1660 E Georgia, Apt 1','Vancouver','BC','V5L 2B1','Canada','profile',1,''),(206,144,'','','','','','profile',1,''),(207,145,'','','','','','profile',1,''),(208,146,'','','','','','profile',1,''),(209,147,'','','','','','profile',1,''),(210,148,'','','','','','profile',1,''),(211,149,'','','','','','profile',1,''),(212,150,'','','','','','profile',1,''),(213,151,'','','','','','profile',1,''),(214,152,'','','','','','profile',1,''),(215,153,'','','','','','profile',1,''),(216,154,'','','','','','profile',1,''),(217,155,'','','','','','profile',1,''),(218,156,'','','','','','profile',1,''),(219,157,'','','','','','profile',1,''),(220,158,'','','','','','profile',1,''),(221,159,'','','','','','profile',1,''),(222,150,'123 Main St','Vancouver','BC','V6B3E5','Canada','profile',1,''),(223,161,'','','','','','profile',1,''),(224,162,'','','','','','profile',1,''),(225,163,'','','','','','profile',1,''),(226,164,'','','','','','profile',1,''),(227,167,'','','','','','profile',1,''),(228,168,'','','','','','profile',1,''),(229,169,'','','','','','profile',1,''),(230,170,'','','','','','profile',1,''),(231,171,'','','','','','profile',1,''),(232,172,'','','','','','profile',1,''),(233,173,'','','','','','profile',1,''),(234,174,'','','','','','profile',1,''),(235,175,'1009-120 W Cordova St','Vancouver','BC','v6b 0k2','Canada','profile',1,''),(236,1,'1009-120 W Cordova St','Vancouver','BC','v6b 0k2','Canada','paypal',1,''),(237,112,'209 Abbott St','Vancouver','BC','V6B 2K7','Canada','paypal',1,''),(238,118,'1009-120 W Cordova St','Vancouver','BC','v6b 0k2','Canada','paypal',1,''),(239,176,'','','','','','profile',1,''),(240,104,'209 Abbott Street','Vancouver','BC','V6B 2K7','Canada','paypal',1,''),(241,177,'','','','','','profile',1,''),(242,178,'1009-120 W Cordova St','Vancouver','BC','v6b 0k2','Canada','profile',1,''),(243,178,'1009-120 W Cordova St','Vancouver','BC','v6b 0k2','Canada','paypal',1,''),(244,179,'','','','','','profile',1,''),(245,179,'n/a','n/a','n/a','n/a','Canada','paypal',1,''),(246,180,'','','','','','profile',1,''),(247,180,'10-12 W Cordova St','Vancouver','BC','v6b 0k2','Canada','paypal',1,''),(248,181,'','','','','','profile',1,''),(249,181,'10-12 W Cordova St','Vancouver','BC','v6b 0k2','Canada','paypal',1,''),(250,182,'','','','','','profile',1,''),(251,183,'123 street','Mtl','Qc','90210','Usa','profile',1,''),(252,183,'123 Street','Montreal','QC','v6b1l7','Canada','paypal',1,''),(253,183,'123 Street','Montreal','QC','v6b1l7','Canada','profile',1,''),(254,184,'','','','','','profile',1,''),(255,185,'','','','','','profile',1,''),(256,186,'','','','','','profile',1,''),(257,187,'','','','','','profile',1,''),(258,188,'','','','','','profile',1,''),(259,189,'','','','','','profile',1,''),(260,190,'','','','','','profile',1,''),(261,191,'','','','','','profile',1,''),(262,192,'','','','','','profile',1,''),(263,193,'','','','','','profile',1,''),(264,194,'','','','','','profile',1,''),(265,195,'','','','','','profile',1,''),(266,196,'','','','','','profile',1,''),(267,197,'','','','','','profile',1,''),(268,198,'','','','','','profile',1,''),(269,199,'','','','','','profile',1,''),(270,200,'','','','','','profile',1,''),(271,201,'','','','','','profile',1,''),(272,202,'','','','','','profile',1,''),(273,203,'','','','','','profile',1,''),(274,204,'','','','','','profile',1,''),(275,204,'123 Street','Vancouver','BC','v6b1l7','Canada','profile',1,''),(276,143,'1660 E Georgia, Apt 1','Vancouver','BC','V5L 2B1','Canada','paypal',1,''),(277,205,'','','','','','profile',1,''),(278,206,'','','','','','profile',1,''),(279,207,'','','','','','profile',1,''),(280,201,'First avae','Victoroa','BC','V8t4m3','Canada','profile',1,''),(281,201,'First ave','Victoria','BC','V8t4m3','Canada','profile',1,''),(282,208,'','','','','','profile',1,''),(283,209,'220 ch du golf #507','verdun','Quebec','H3E 2A7','Canada','profile',1,''),(284,210,'','','','','','profile',1,''),(285,211,'','','','','','profile',1,''),(286,211,'2115 gale','St augustin','Quebec','G3a1w7','Canada','profile',1,''),(287,212,'1660 East Georgia - Apt 1','Vancouver','BC','V5L 2B2','Canada','profile',1,''),(288,213,'','','','','','profile',1,''),(289,214,'','','','','','profile',1,''),(290,215,'','','','','','profile',1,''),(291,216,'','','','','','profile',1,''),(292,217,'','','','','','profile',1,''),(293,208,'3452, Henri-Julien','Montreal','Quebec','H2X 3H2','Canada','profile',1,''),(294,208,'3452, Henri-Julien','Montreal','Quebec','H2X 3H2','Canada','profile',1,''),(295,208,'366, boulevard L\'Assomption Oues','St-Charles-Borromee','Quebec','J6E 0C5','Canada','profile',1,''),(296,218,'','','','','','profile',1,''),(297,218,'1811 georges','Montreal','Quebec','H2k2m6','Canada','profile',1,''),(298,218,'1811 georges','Montreal','Quebec','H2k2m6','Canada','profile',1,''),(299,218,'1811 georges','Vancouver','Bc','H2k2m6','Canada','profile',1,''),(300,1,'123 First Ave','Vancouver','QUEBEC','V6G 1A5','Canada','profile',1,''),(301,201,'n/a','n/a','n/a','n/a','Canada','paypal',1,''),(302,1,'First Ave','Montreal','Quebec','V6b1l8','Canada','profile',1,''),(303,1,'First Ave','Montreal','QC','V6b1l8','Canada','profile',1,''),(304,1,'First Ave','Montreal','Quebec','v6b1l7','Canada','profile',1,''),(305,1,'First Ave','Montreal','Quebec','v6b1l7','Canada','profile',1,''),(306,1,'First Ave','Montreal','Quebec','v6b1l7','Canada','profile',1,''),(307,1,'First Ave','Montreal','QUEBEC','v6b1l7','Canada','profile',1,''),(308,1,'First Ave','Montreal','QUEBEC','v6b1l7','Canada','profile',1,''),(309,1,'First Ave','Montreal','Quebec','v6b1l7','Canada','profile',1,''),(310,1,'First Ave','Montreal','Quebec','v6b1l7','Canada','profile',1,''),(311,1,'First Ave','Montreal','QC','v6b1l7','Canada','profile',1,''),(312,219,'','','','','','profile',1,''),(313,220,'','','','','','profile',1,''),(314,221,'','','','','','profile',1,''),(315,222,'','','','','','profile',1,''),(316,223,'','','','','','profile',1,''),(317,224,'','','','','','profile',1,''),(318,1,'1009-120 W Cordova St','Vancouver','BC','v6b0k2','Canada','profile',1,''),(319,225,'','','','','','profile',1,''),(320,226,'','','','','','profile',1,''),(321,227,'','','','','','profile',1,''),(322,228,'','','','','','profile',1,''),(323,229,'RR#1','condor','alberta','T0M 0P0','Canada','profile',1,''),(324,1,'1009-120 W Cordova','Vancouver','BC','V6b0k2','Canada','profile',1,''),(325,1,'1009-120 W Cordova','Vancouver','BC','V6b0k2','Canada','profile',1,''),(326,1,'1009-120 W Cordova St','Vancouver','BC','v6b 0k2','Canada','billing',1,''),(327,1,'1009-120 W Cordova','Vancouver','BC','v6b0k2','undefined','profile',1,''),(328,1,'1009-120 W Cordova','Vancouver','BC','v6b0k2','Canada','profile',1,''),(329,230,'','','','','','profile',1,''),(330,231,'','','','','','profile',1,''),(331,232,'','','','','','profile',1,''),(332,233,'','','','','','profile',1,''),(333,234,'','','','','','profile',1,''),(334,235,'','','','','','profile',1,''),(335,236,'','','','','','profile',1,''),(336,237,'','','','','','profile',1,''),(337,238,'','','','','','profile',1,''),(338,239,'','','','','','profile',1,''),(339,240,'','','','','','profile',1,''),(340,241,'','','','','','profile',1,''),(341,242,'','','','','','profile',1,''),(342,243,'','','','','','profile',1,''),(343,244,'','','','','','profile',1,''),(344,245,'','','','','','profile',1,''),(345,246,'','','','','','profile',1,''),(346,247,'','','','','','profile',1,''),(347,248,'','','','','','profile',1,''),(348,249,'','','','','','profile',1,''),(349,250,'','','','','','profile',1,''),(350,251,'','','','','','profile',1,''),(351,252,'','','','','','profile',1,''),(352,253,'','','','','','profile',1,''),(353,254,'','','','','','profile',1,''),(354,255,'','','','','','profile',1,''),(355,256,'','','','','','profile',1,''),(356,190,'n/a','n/a','n/a','n/a','Canada','paypal',1,''),(357,112,'209 abbott st','Vancouver','BC','V6b2k7','Canada','profile',1,''),(358,112,'209 abbott st','Vancouver','BC','V6b2k7','Canada','profile',1,''),(359,257,'','','','','','profile',1,''),(360,112,'209 Abbott St','Vancouver','BC','V6b2k7','Canada','profile',1,''),(361,112,'209 Abbott St','Vancouver','BC','V6b2k7','Canada','profile',1,''),(362,258,'','','','','','profile',1,''),(363,259,'','','','','','profile',1,''),(364,260,'','','','','','profile',1,''),(365,261,'','','','','','profile',1,''),(366,262,'','','','','','profile',1,''),(367,263,'','','','','','profile',1,''),(368,264,'','','','','','profile',1,''),(369,265,'','','','','','profile',1,''),(370,266,'','','','','','profile',1,''),(371,267,'','','','','','profile',1,''),(372,268,'','','','','','profile',1,''),(373,269,'','','','','','profile',1,''),(374,270,'','','','','','profile',1,''),(375,271,'','','','','','profile',1,''),(376,272,'','','','','','profile',1,''),(377,273,'','','','','','profile',1,''),(378,274,'3879 west 18th ave','Vancouver','Bc','V6s1b4','Canada','profile',1,''),(379,275,'','','','','','profile',1,''),(380,276,'','','','','','profile',1,''),(381,277,'','','','','','profile',1,''),(382,278,'','','','','','profile',1,''),(383,279,'','','','','','profile',1,''),(384,280,'','','','','','profile',1,''),(385,281,'','','','','','profile',1,''),(386,282,'','','','','','profile',1,''),(387,283,'','','','','','profile',1,''),(388,284,'','','','','','profile',1,''),(389,285,'','','','','','profile',1,''),(390,286,'','','','','','profile',1,''),(391,287,'','','','','','profile',1,''),(392,288,'','','','','','profile',1,''),(393,289,'','','','','','profile',1,''),(394,290,'','','','','','profile',1,''),(395,291,'','','','','','profile',1,''),(396,292,'','','','','','profile',1,''),(397,293,'','','','','','profile',1,''),(398,294,'','','','','','profile',1,''),(399,295,'','','','','','profile',1,''),(400,296,'','','','','','profile',1,''),(401,297,'','','','','','profile',1,''),(402,298,'','','','','','profile',1,''),(403,299,'','','','','','profile',1,''),(404,300,'','','','','','profile',1,''),(405,301,'','','','','','profile',1,''),(406,302,'','','','','','profile',1,''),(407,303,'','','','','','profile',1,''),(408,304,'','','','','','profile',1,''),(409,305,'','','','','','profile',1,''),(410,306,'','','','','','profile',1,''),(411,307,'','','','','','profile',1,''),(412,308,'','','','','','profile',1,''),(413,309,'','','','','','profile',1,''),(414,310,'','','','','','profile',1,''),(415,311,'','','','','','profile',1,''),(416,312,'','','','','','profile',1,''),(417,313,'','','','','','profile',1,''),(418,314,'','','','','','profile',1,''),(419,315,'','','','','','profile',1,''),(420,316,'','','','','','profile',1,''),(421,317,'','','','','','profile',1,''),(422,318,'','','','','','profile',1,''),(423,319,'','','','','','profile',1,''),(424,320,'','','','','','profile',1,''),(425,321,'','','','','','profile',1,''),(426,322,'','','','','','profile',1,''),(427,323,'','','','','','profile',1,''),(428,324,'','','','','','profile',1,''),(429,325,'','','','','','profile',1,''),(430,326,'','','','','','profile',1,''),(431,327,'','','','','','profile',1,''),(432,328,'','','','','','profile',1,''),(433,329,'','','','','','profile',1,''),(434,330,'','','','','','profile',1,'');
/*!40000 ALTER TABLE `address` ENABLE KEYS */;
UNLOCK TABLES;

--
-- Table structure for table `merchant`
--

DROP TABLE IF EXISTS `merchant`;
/*!40101 SET @saved_cs_client     = @@character_set_client */;
/*!40101 SET character_set_client = utf8 */;
CREATE TABLE `merchant` (
  `merchant_id` int(10) NOT NULL AUTO_INCREMENT,
  `merchant_name` varchar(100) NOT NULL DEFAULT '',
  `address_street` varchar(256) NOT NULL DEFAULT '',
  `address_city` varchar(100) NOT NULL DEFAULT '',
  `address_state` varchar(100) NOT NULL DEFAULT '',
  `address_zip` varchar(30) DEFAULT NULL,
  `address_country` varchar(100) NOT NULL DEFAULT '',
  `type` varchar(100) NOT NULL DEFAULT '',
  `latitude` varchar(100) DEFAULT NULL,
  `longitude` varchar(100) DEFAULT NULL,
  `accuracy` int(11) DEFAULT '300',
  `hidden` tinyint(1) NOT NULL DEFAULT '0',
  `phone_number` varchar(30) NOT NULL DEFAULT '',
  `password` varchar(30) DEFAULT NULL,
  `last_activity` varchar(100) DEFAULT NULL,
  `email` varchar(100) DEFAULT NULL,
  `contact` varchar(100) DEFAULT NULL,
  `icon` varchar(100) NOT NULL DEFAULT '',
  `morning` tinyint(1) NOT NULL DEFAULT '0',
  `midday` tinyint(1) NOT NULL DEFAULT '0',
  `afternoon` tinyint(1) NOT NULL DEFAULT '0',
  `evening` tinyint(1) NOT NULL DEFAULT '0',
  `night` tinyint(1) NOT NULL DEFAULT '0',
  PRIMARY KEY (`merchant_id`)
) ENGINE=MyISAM AUTO_INCREMENT=38 DEFAULT CHARSET=latin1;
/*!40101 SET character_set_client = @saved_cs_client */;

--
-- Dumping data for table `merchant`
--

LOCK TABLES `merchant` WRITE;
/*!40000 ALTER TABLE `merchant` DISABLE KEYS */;
INSERT INTO `merchant` VALUES (1,'Notman House','51 Sherbrooke','Montreal','QC',NULL,'Canada','Retail Clothing','45.512033','-73.569713',301,1,'1111111111',NULL,NULL,'nouvellenouvelle@gmail.com','Amy','',0,1,1,1,0),(2,'Noah\'s INC','3452 Avenue Henri Julien','Montreal','QC',NULL,'Canada','Caf','45.516617','-73.569109',300,1,'6042555537',NULL,NULL,'york@pradocafe.com','Amy','',1,1,1,1,0),(21,'Peckinpah','2 Water St','Vancouver','BC',NULL,'Canada','Caf','49.283197','-123.104175',300,1,'6046815411',NULL,NULL,'peckinpah@payphoneapp.com','','',1,1,1,1,1),(8,'Live Stock','239 Abbott Street','Vancouver','BC',NULL,'Canada','Retail Clothing','49.283311','-123.106635',300,1,'6046851433',NULL,NULL,'','Chris/Gary','',0,1,1,1,0),(7,'Complex','231 Abbott Street','Vancouver','BC',NULL,'Canada','Retail','49.283355','-123.106618',300,1,'6046021668',NULL,NULL,'','Jay/Miles','',0,1,1,1,0),(6,'JD\'s Barbershop','235 Abbott Street','Vancouver','BC',NULL,'Canada','Service','49.283333','-123.106627',300,1,'6043318441',NULL,NULL,'','Juda/Travis','',0,1,1,1,0),(17,'Noah Home','','Vancouver','BC',NULL,'Canada','Caf','49.2643255','-123.0861208',5000000,1,'8537244110',NULL,NULL,'merchant853@gmail.com','Noah','',1,1,1,1,1),(18,'Noah Office','','Vancouver','BC',NULL,'Canada','Caf','49.2820806','-123.1076811',300,1,'1167244110',NULL,NULL,'merchant116@gmail.com','Noah','',1,1,1,1,1),(19,'Dmitry\'s Inc','4405 Coloniale','Montreal','QC',NULL,'Canada','Retail','45.520543','-73.584068',300,1,'1234567890',NULL,NULL,'ddvinyaninov@gmail.com','Dmitry','',1,1,1,0,0),(3,'Salty Tongue','213 Carrall Street','Vancouver','BC',NULL,'Canada','Caf','49.282927','-123.104231',300,1,'6049157258',NULL,NULL,'sean@irishheather.com','Sean','',1,1,1,0,0),(25,'Sea Monstr Sushi','55 Powell Street','Vancouver','BC',NULL,'Canada','Restaurant','49.283428','-123.10289',300,1,'',NULL,NULL,NULL,NULL,'',0,0,0,0,0),(23,'Pikolo Espresso Bar','3418 Avenue du Parc','Montreal','QC',NULL,'Canada','Cafe','45.508532','-73.571814',1500,1,'3333333333',NULL,NULL,NULL,NULL,'',0,0,0,0,0),(22,'Cossette','16 Place du commerce','Montreal','BC',NULL,'Canada','','45.500032','-73.577116',300,1,'2222222222',NULL,NULL,'',NULL,'',0,0,0,0,0),(26,'American Apparel','747 Warehouse St.','Los Angeles','CA',NULL,'USA','Retail Clothing','34.033921','-118.239715',6000000,1,'5145555555',NULL,NULL,'jeff@jeffkolb.com','Jeff','',1,1,0,0,0),(27,'Wall Street Survivor','5115 Trans-Island','Montreal','QC',NULL,'Canada','Cafe','45.48493','-73.629086',300,1,'5146666666',NULL,NULL,'wallstreet@payphoneapp.com','Wall Street Survivor','',1,1,1,0,0),(28,'Beanstream Store','#302-2659 Douglas St.','Victoria','BC',NULL,'Canada','Service','48.438628','-123.36647',4000000,1,'8884722072',NULL,NULL,'dhendricks@beanstream.com','David Hendricks','',1,1,0,0,0),(29,'Nouvelle Nouvelle','209 Abbott St','Vancouver','BC',NULL,'Canada','Retail Clothing','49.283793','-123.106616',300,1,'6046822234',NULL,NULL,NULL,NULL,'',0,0,0,0,0),(30,'Salty Tongue','213 Carrall St.','Vancouver','BC',NULL,'Canada','Cafe','49.283414','-123.104167',1500,1,'6046889779',NULL,NULL,'sean@irishheather.com',NULL,'',0,0,0,0,0),(31,'Demo Store','123 First Ave','Vancouver','BC',NULL,'Canada','','49.283414','-123.104167',600000000,1,'1231231234',NULL,NULL,'demo@payphoneapp.com','Demo User','',0,0,0,0,0),(32,'Paul\'s Boutique','158 Rivington St','New York','NY',NULL,'USA','Retail','40.719616','-73.984187',30000000,1,'2124432142',NULL,NULL,'nytest@payphoneapp.com',NULL,'',0,0,0,0,0),(33,'Le Demo Shop','3418 B Av. du Parc','Montreal','QC',NULL,'Canada','Retail','45.508813','-73.571749',500000,1,'5147754425',NULL,NULL,'montreal@payphoneapp.com',NULL,'',0,0,0,0,0),(34,'Roden Gray','8 Water St','Vancouver','BC',NULL,'Canada','Retail','49.283722','-123.104553',300,1,'6046897302',NULL,NULL,'roden.gray@payphoneapp.com',NULL,'',0,0,0,0,0),(35,'Stackhouse Burger Bar','1224 Granville St','Vancouver','BC',NULL,'Canada','Retail','49.277003','-123.12644',3000,1,'6045583499',NULL,NULL,'stackhouse@payphoneapp.com',NULL,'',0,0,0,0,0),(36,'Revolver','325 Cambie St','Vancouver','BC',NULL,'Canada','Retail','49.283344','-123.10936',6000,1,'6045584444',NULL,NULL,'revolver@payphoneapp.com',NULL,'',0,0,0,0,0),(37,'Crema','1495 Bellevue Ave','West Vancouver','BC',NULL,'Canada','Retail','49.327695','-123.156652',6000,1,'6049222294',NULL,NULL,'crema@payphoneapp.com',NULL,'',0,0,0,0,0);
/*!40000 ALTER TABLE `merchant` ENABLE KEYS */;
UNLOCK TABLES;

--
-- Table structure for table `message`
--

DROP TABLE IF EXISTS `message`;
/*!40101 SET @saved_cs_client     = @@character_set_client */;
/*!40101 SET character_set_client = utf8 */;
CREATE TABLE `message` (
  `message_id` int(10) unsigned NOT NULL AUTO_INCREMENT,
  `merchant_id` int(10) unsigned NOT NULL DEFAULT '0',
  `message_headline` varchar(30) NOT NULL DEFAULT '',
  `message_title` varchar(40) NOT NULL DEFAULT '',
  `message_text` varchar(255) NOT NULL DEFAULT '',
  `message_image` varchar(255) NOT NULL,
  `message_height` varchar(5) NOT NULL DEFAULT '',
  `message_link` varchar(255) NOT NULL DEFAULT '',
  `date_start` datetime NOT NULL DEFAULT '0000-00-00 00:00:00',
  `date_end` datetime NOT NULL DEFAULT '0000-00-00 00:00:00',
  `user_id` int(10) unsigned NOT NULL DEFAULT '0',
  `message_latitude` decimal(10,7) DEFAULT NULL,
  `message_longitude` decimal(10,7) DEFAULT NULL,
  `message_tags` varchar(50) DEFAULT '',
  `message_category` varchar(50) DEFAULT '',
  PRIMARY KEY (`message_id`)
) ENGINE=MyISAM AUTO_INCREMENT=32 DEFAULT CHARSET=latin1;
/*!40101 SET character_set_client = @saved_cs_client */;

--
-- Dumping data for table `message`
--

LOCK TABLES `message` WRITE;
/*!40000 ALTER TABLE `message` DISABLE KEYS */;
INSERT INTO `message` VALUES (27,2,'Check Out the Web Version!','...And let me know what you think!','Go to payphoneapp.com and log in to see the web site...','','','','2011-10-19 01:00:00','2011-10-20 01:00:00',2,NULL,NULL,'','services'),(28,26,'','Chiffon Full Length Skirt','','assets/stores/AA-Message-Women.jpg','635','http://store.americanapparel.ca/new---now-women.html','2012-05-22 00:00:00','2013-12-01 00:00:00',112,NULL,NULL,'','retail'),(29,26,'','See Thru Tank','','assets/stores/AA_Message_Men.jpg','760','http://store.americanapparel.ca/men.html','2012-05-22 00:00:00','2013-12-01 00:00:00',112,NULL,NULL,'','retail'),(30,26,'','On Sale for Spring!','','assets/stores/AA_Message_Tile.jpg','455','http://store.americanapparel.ca/','2012-05-22 00:00:00','2013-12-01 00:00:00',112,NULL,NULL,'','retail');
/*!40000 ALTER TABLE `message` ENABLE KEYS */;
UNLOCK TABLES;

--
-- Table structure for table `message_old2`
--

DROP TABLE IF EXISTS `message_old2`;
/*!40101 SET @saved_cs_client     = @@character_set_client */;
/*!40101 SET character_set_client = utf8 */;
CREATE TABLE `message_old2` (
  `message_id` int(10) unsigned NOT NULL AUTO_INCREMENT,
  `merchant_id` int(10) unsigned NOT NULL DEFAULT '0',
  `message_headline` varchar(30) NOT NULL DEFAULT '',
  `message_title` varchar(40) NOT NULL DEFAULT '',
  `message_text` varchar(255) NOT NULL DEFAULT '',
  `message_image` varchar(255) NOT NULL,
  `message_height` varchar(5) NOT NULL DEFAULT '',
  `message_link` varchar(255) NOT NULL DEFAULT '',
  `date_start` datetime NOT NULL DEFAULT '0000-00-00 00:00:00',
  `date_end` datetime NOT NULL DEFAULT '0000-00-00 00:00:00',
  `user_id` int(10) unsigned NOT NULL DEFAULT '0',
  `message_latitude` decimal(10,7) DEFAULT NULL,
  `message_longitude` decimal(10,7) DEFAULT NULL,
  `message_tags` varchar(50) DEFAULT '',
  `message_category` varchar(50) DEFAULT '',
  PRIMARY KEY (`message_id`)
) ENGINE=MyISAM AUTO_INCREMENT=31 DEFAULT CHARSET=latin1;
/*!40101 SET character_set_client = @saved_cs_client */;

--
-- Dumping data for table `message_old2`
--

LOCK TABLES `message_old2` WRITE;
/*!40000 ALTER TABLE `message_old2` DISABLE KEYS */;
/*!40000 ALTER TABLE `message_old2` ENABLE KEYS */;
UNLOCK TABLES;

--
-- Table structure for table `passphrase`
--

DROP TABLE IF EXISTS `passphrase`;
/*!40101 SET @saved_cs_client     = @@character_set_client */;
/*!40101 SET character_set_client = utf8 */;
CREATE TABLE `passphrase` (
  `passphrase_id` int(10) unsigned NOT NULL AUTO_INCREMENT,
  `user_id` int(10) unsigned NOT NULL,
  `passphrase_answer` varchar(50) NOT NULL DEFAULT '',
  `passphrase_question` varchar(50) NOT NULL DEFAULT '',
  `passphrase_clue` varchar(50) DEFAULT '',
  PRIMARY KEY (`passphrase_id`),
  UNIQUE KEY `uniq` (`user_id`,`passphrase_question`)
) ENGINE=MyISAM AUTO_INCREMENT=20 DEFAULT CHARSET=utf8;
/*!40101 SET character_set_client = @saved_cs_client */;

--
-- Dumping data for table `passphrase`
--

LOCK TABLES `passphrase` WRITE;
/*!40000 ALTER TABLE `passphrase` DISABLE KEYS */;
INSERT INTO `passphrase` VALUES (1,107,'mcnair','Mother\'s maiden Name','mcnair'),(2,112,'Kanga','mom','Roo'),(3,112,'PPA','','Blah'),(4,143,'Berg','mom','You know it'),(5,143,'Goldie','dog','fish'),(6,175,'a1','Q1','C1'),(7,175,'a2','Q2','C2'),(8,178,'A1','Q1','C1'),(9,178,'A2','Q2','C2'),(10,1,'A1','mom','C1'),(11,1,'A2','','C2'),(12,183,'1','mom','1'),(13,209,'L\'Espinay','mom','maman'),(14,209,'Boyd','dad','dad'),(15,229,'rex','dog','Wim'),(16,229,'Huisman','mom',''),(17,274,'nouri','mom','Last name'),(18,212,'berg','mom','Mountain'),(19,212,'Goldie','dog','Fish');
/*!40000 ALTER TABLE `passphrase` ENABLE KEYS */;
UNLOCK TABLES;

--
-- Table structure for table `request`
--

DROP TABLE IF EXISTS `request`;
/*!40101 SET @saved_cs_client     = @@character_set_client */;
/*!40101 SET character_set_client = utf8 */;
CREATE TABLE `request` (
  `transaction_id` int(10) unsigned NOT NULL AUTO_INCREMENT,
  `merchant_id` int(10) unsigned NOT NULL DEFAULT '0',
  `user_id` int(10) unsigned NOT NULL DEFAULT '0',
  `account_id` int(10) unsigned NOT NULL DEFAULT '0',
  `transaction_amount` double unsigned NOT NULL DEFAULT '0',
  `transaction_tips` double unsigned NOT NULL DEFAULT '0',
  `transaction_merchant_note` varchar(255) NOT NULL DEFAULT '',
  `transaction_user_note` varchar(255) NOT NULL DEFAULT '',
  `transaction_paid` tinyint(1) unsigned NOT NULL DEFAULT '0',
  `transaction_cancelled` tinyint(1) unsigned NOT NULL DEFAULT '0',
  `transaction_flagged` tinyint(1) unsigned NOT NULL DEFAULT '0',
  `transaction_cancelled_reason` varchar(100) DEFAULT NULL,
  `transaction_deleted` tinyint(1) unsigned NOT NULL DEFAULT '0',
  `transaction_datetime_requested` datetime NOT NULL DEFAULT '0000-00-00 00:00:00',
  `transaction_datetime_paid` datetime NOT NULL DEFAULT '0000-00-00 00:00:00',
  `transaction_location` tinyint(1) unsigned DEFAULT '0',
  `transaction_latitude` decimal(10,7) DEFAULT NULL,
  `transaction_longitude` decimal(10,7) DEFAULT NULL,
  PRIMARY KEY (`transaction_id`),
  KEY `account_id` (`account_id`),
  KEY `merchant_id` (`merchant_id`),
  KEY `user_id` (`user_id`)
) ENGINE=MyISAM AUTO_INCREMENT=1348693965 DEFAULT CHARSET=utf8;
/*!40101 SET character_set_client = @saved_cs_client */;

--
-- Dumping data for table `request`
--

LOCK TABLES `request` WRITE;
/*!40000 ALTER TABLE `request` DISABLE KEYS */;
INSERT INTO `request` VALUES (1312350642,17,104,0,10.5,0,'','',0,1,0,'Recepient Cancelled',0,'2011-08-02 22:50:41','2011-08-02 22:51:08',1,'49.2643360','-123.0859610'),(1312402506,18,104,0,1.14,0,'','',0,1,0,'Recepient Cancelled',0,'2011-08-03 13:15:05','2011-08-03 13:17:42',1,'49.2818850','-123.1080660'),(1312404164,18,104,0,1.42,0,'','',0,1,0,'Recepient Cancelled',0,'2011-08-03 13:42:43','2011-08-03 13:43:33',1,'49.2819120','-123.1080700'),(1312404242,18,104,0,1.43,0,'','',0,1,0,'Recepient Cancelled',0,'2011-08-03 13:44:02','2011-08-03 13:45:05',1,'49.2819120','-123.1080700'),(1312404361,18,104,0,1.45,0,'','',0,1,0,'Recepient Cancelled',0,'2011-08-03 13:46:00','2011-08-03 13:46:09',1,'49.2819160','-123.1080390'),(1312415473,18,104,0,4.5,0,'','',0,1,0,'Recepient Cancelled',0,'2011-08-03 16:51:12','2011-08-03 16:54:51',1,'49.2821880','-123.1067970'),(1312605569,18,104,0,0.39,0,'','',0,1,0,'Sender Cancelled',0,'2011-08-05 21:39:28','2011-08-05 21:41:46',1,'0.0000000','0.0000000'),(1312605825,18,104,0,0.43,0,'','',0,1,0,'Sender Cancelled',0,'2011-08-05 21:43:44','2011-08-05 21:44:43',1,'0.0000000','0.0000000'),(1312655432,1,106,0,11.3,0,'','',0,1,0,'Recepient Cancelled',0,'2011-08-06 11:30:31','2011-08-06 11:35:59',1,'49.2834270','-123.1065950'),(1312660461,18,106,0,0.54,0,'','',0,1,0,'Sender Cancelled',0,'2011-08-06 12:54:20','2011-08-06 12:57:01',1,'49.2879100','-123.1323020'),(1312660686,19,106,0,0.58,0,'','',0,1,0,'Recepient Cancelled',0,'2011-08-06 12:58:06','2011-08-06 12:59:01',1,'49.2879100','-123.1323020'),(1312660835,19,106,0,0.01,0,'','',0,1,0,'Sender Cancelled',0,'2011-08-06 13:00:34','2011-08-06 13:01:23',1,'49.2879100','-123.1323020'),(1312661720,19,106,0,0.15,0,'','',0,1,0,'Recepient Cancelled',0,'2011-08-06 13:15:20','2011-08-06 13:18:49',1,'49.2882800','-123.1325490'),(1312675710,1,107,0,12.34,0,'','',0,1,0,'Recepient Cancelled',0,'2011-08-06 17:08:29','2011-08-06 17:08:52',1,'49.2834600','-123.1060410'),(1312676463,1,107,0,5.2,0,'','',0,1,0,'Recepient Cancelled',0,'2011-08-06 17:21:02','2011-08-06 17:21:12',1,'49.2834210','-123.1065900'),(1312686827,1,107,0,8.13,0,'','',0,1,0,'Recepient Cancelled',0,'2011-08-06 20:13:47','2011-08-06 20:21:40',1,'49.2833220','-123.1043170'),(1312686532,1,107,0,8.08,0,'','',0,1,0,'Recepient Cancelled',0,'2011-08-06 20:08:51','2011-08-06 20:21:57',1,'49.2833220','-123.1043170'),(1312687973,19,107,0,0.32,0,'','',0,1,0,'Sender Cancelled',0,'2011-08-06 20:32:53','2011-08-06 20:36:43',1,'49.2832810','-123.1043360'),(1312689006,1,107,0,0.5,0,'','',0,1,0,'Recepient Cancelled',0,'2011-08-06 20:50:06','2011-08-06 20:50:47',1,'49.2832510','-123.1041480'),(1312690445,1,107,0,0.14,0,'','',0,1,0,'Sender Cancelled',0,'2011-08-06 21:14:04','2011-08-06 21:15:31',1,'49.2879100','-123.1323020'),(1312690880,19,107,0,0.21,0,'','',0,1,0,'Sender Cancelled',0,'2011-08-06 21:21:19','2011-08-06 21:25:00',1,'49.2879100','-123.1323020'),(1312694249,17,107,0,10.17,0,'','',0,1,0,'Recepient Cancelled',0,'2011-08-06 22:17:29','2011-08-06 22:18:04',1,'49.2647610','-123.0859390'),(1312694385,17,107,0,10.19,0,'','',0,1,0,'Recepient Cancelled',0,'2011-08-06 22:19:44','2011-08-06 22:20:45',1,'49.2647220','-123.0858190'),(1312696470,17,108,0,10.53,0,'','',0,1,0,'Recepient Cancelled',0,'2011-08-06 22:54:29','2011-08-06 22:59:37',1,'49.2647220','-123.0858190'),(1312696886,17,108,0,11,0,'','',0,1,0,'Sender Cancelled',0,'2011-08-06 23:01:25','2011-08-06 23:04:45',1,'49.2647060','-123.0858470'),(1312697131,18,108,0,11.05,0,'','',0,1,0,'Sender Cancelled',0,'2011-08-06 23:05:30','2011-08-06 23:05:55',1,'49.2647060','-123.0858470'),(1312697512,17,108,0,0.11,0,'','',0,1,0,'Recepient Cancelled',0,'2011-08-06 23:11:52','2011-08-06 23:13:36',1,'49.2646900','-123.0858320'),(1312701212,17,107,0,0.13,0,'','',0,1,0,'Recepient Cancelled',0,'2011-08-07 00:13:32','2011-08-07 00:14:44',1,'49.2643810','-123.0858260'),(1312701375,17,107,0,0.16,0,'','',0,1,0,'Recepient Cancelled',0,'2011-08-07 00:16:15','2011-08-07 00:16:25',1,'49.2645360','-123.0859570'),(1312701797,17,107,0,0.23,0,'','',0,1,0,'Recepient Cancelled',0,'2011-08-07 00:23:16','2011-08-07 00:23:46',1,'49.2647110','-123.0859350'),(1312741339,17,107,0,11.21,0,'','',0,1,0,'Recepient Cancelled',0,'2011-08-07 11:22:18','2011-08-07 11:23:33',1,'49.2645920','-123.0859110'),(1312741447,17,107,0,11.23,0,'','',0,1,0,'Recepient Cancelled',0,'2011-08-07 11:24:06','2011-08-07 11:25:11',1,'49.2647380','-123.0858840'),(1312741528,17,107,0,11.24,0,'','',0,1,0,'Recepient Cancelled',0,'2011-08-07 11:25:27','2011-08-07 11:25:59',1,'49.2647600','-123.0858240'),(1312741617,17,108,0,11.26,0,'','',0,1,0,'Recepient Cancelled',0,'2011-08-07 11:26:56','2011-08-07 11:27:21',1,'49.2605900','-123.0855380'),(1312741658,17,108,0,11.27,0,'','',0,1,0,'Recepient Cancelled',0,'2011-08-07 11:27:38','2011-08-07 11:28:18',1,'49.2645670','-123.0861730'),(1312741734,17,108,0,11.28,0,'','',0,1,0,'Recepient Cancelled',0,'2011-08-07 11:28:54','2011-08-07 11:30:55',1,'49.2645670','-123.0861730'),(1312741882,17,108,0,11.3,0,'','',0,1,0,'Sender Cancelled',0,'2011-08-07 11:31:21','2011-08-07 11:31:39',1,'49.2646750','-123.0858160'),(1312741970,17,108,0,11.32,0,'','',0,1,0,'Recepient Cancelled',0,'2011-08-07 11:32:49','2011-08-07 11:34:28',1,'49.2645670','-123.0861730'),(1312757339,1,107,0,3.48,0,'','',0,1,0,'Sender Cancelled',0,'2011-08-07 15:48:59','2011-08-07 15:51:22',1,'49.2834470','-123.1065720'),(1312851012,18,107,0,0.5,0,'','',0,1,0,'Recepient Cancelled',0,'2011-08-08 17:50:11','2011-08-08 17:54:57',1,'49.2818500','-123.1080520'),(1312851634,18,107,0,0.01,0,'','',0,1,0,'Sender Cancelled',0,'2011-08-08 18:00:34','2011-08-08 18:00:39',1,'49.2818130','-123.1080570'),(1312871808,17,107,0,11.36,0,'','',0,1,0,'Recepient Cancelled',0,'2011-08-08 23:36:48','2011-08-08 23:37:26',1,'49.2647570','-123.0858180'),(1312917663,18,107,0,12.2,0,'','',0,1,0,'Recepient Cancelled',0,'2011-08-09 12:21:03','2011-08-09 12:21:50',1,'49.2819810','-123.1079690'),(1312945319,19,107,0,0.02,0,'','',0,1,0,'Sender Cancelled',0,'2011-08-09 20:01:58','2011-08-09 20:02:27',1,'49.2879100','-123.1323020'),(1312945733,19,107,0,0.08,0,'','',0,1,0,'Sender Cancelled',0,'2011-08-09 20:08:53','2011-08-09 20:09:02',1,'49.2879100','-123.1323020'),(1312946364,17,107,0,8.18,0,'','',0,1,0,'Recepient Cancelled',0,'2011-08-09 20:19:23','2011-08-09 20:22:07',1,'49.2648500','-123.0857250'),(1312948152,19,1,0,0.49,0,'','',0,1,0,'Recepient Cancelled',0,'2011-08-09 20:49:11','2011-08-09 21:01:03',1,'49.2879150','-123.1323010'),(1312949598,17,107,0,9.12,0,'','',0,1,0,'Recepient Cancelled',0,'2011-08-09 21:13:18','2011-08-09 21:14:37',1,'49.2639870','-123.0856620'),(1312949738,17,107,0,0.15,0,'','',0,1,0,'Recepient Cancelled',0,'2011-08-09 21:15:38','2011-08-09 21:16:08',1,'49.2647830','-123.0858350'),(1312949785,17,107,0,0.16,0,'','',0,1,0,'Recepient Cancelled',0,'2011-08-09 21:16:24','2011-08-09 21:16:41',1,'49.2647830','-123.0858350'),(1312950433,17,108,0,0.26,0,'','',0,1,0,'Recepient Cancelled',0,'2011-08-09 21:27:13','2011-08-09 21:27:34',1,'49.2647360','-123.0858590'),(1312950728,17,108,0,0.31,0,'','',0,1,0,'Recepient Cancelled',0,'2011-08-09 21:32:08','2011-08-09 21:32:43',1,'49.2647080','-123.0858450'),(1312950829,17,108,0,0.33,0,'','',0,1,0,'Recepient Cancelled',0,'2011-08-09 21:33:49','2011-08-09 21:34:22',1,'49.2647080','-123.0858450'),(1312950960,17,108,0,0.35,0,'','',0,1,0,'Recepient Cancelled',0,'2011-08-09 21:36:00','2011-08-09 21:37:09',1,'49.2647080','-123.0858450'),(1312951048,17,108,0,0.36,0,'','',0,1,0,'Recepient Cancelled',0,'2011-08-09 21:37:28','2011-08-09 21:37:37',1,'49.2647080','-123.0858450'),(1312951253,17,108,0,0.4,0,'','',0,1,0,'Recepient Cancelled',0,'2011-08-09 21:40:53','2011-08-09 21:41:53',1,'49.2646760','-123.0858390'),(1312953851,17,107,0,0.23,0,'','',0,1,0,'Recepient Cancelled',0,'2011-08-09 22:24:10','2011-08-09 22:25:28',1,'49.2647100','-123.0858700'),(1312953959,17,107,0,0.25,0,'','',0,1,0,'Recepient Cancelled',0,'2011-08-09 22:25:58','2011-08-09 22:27:25',1,'49.2646630','-123.0858590'),(1312954064,17,107,0,0.27,0,'','',0,1,0,'Recepient Cancelled',0,'2011-08-09 22:27:44','2011-08-09 22:27:52',1,'49.2646630','-123.0858590'),(1312954114,17,107,0,0.28,0,'','',0,1,0,'Recepient Cancelled',0,'2011-08-09 22:28:34','2011-08-09 22:30:40',1,'49.2646490','-123.0858750'),(1312954287,17,108,0,0.3,0,'','',0,1,0,'Recepient Cancelled',0,'2011-08-09 22:31:26','2011-08-09 22:33:30',1,'49.2647150','-123.0858060'),(1312954460,17,108,0,0.33,0,'','',0,1,0,'Recepient Cancelled',0,'2011-08-09 22:34:20','2011-08-09 22:34:38',1,'49.2647150','-123.0858060'),(1312954673,17,108,0,0.37,0,'','',0,1,0,'Recepient Cancelled',0,'2011-08-09 22:37:52','2011-08-09 22:38:09',1,'49.2646910','-123.0858340'),(1312954707,17,108,0,0.38,0,'','',0,1,0,'Sender Cancelled',0,'2011-08-09 22:38:27','2011-08-09 22:39:06',1,'49.2647130','-123.0858260'),(1312954871,17,107,0,0.4,0,'','',0,1,0,'Sender Cancelled',0,'2011-08-09 22:41:11','2011-08-09 22:41:21',1,'49.2646490','-123.0858750'),(1312954929,17,107,0,0.41,0,'','',0,1,0,'Recepient Cancelled',0,'2011-08-09 22:42:08','2011-08-09 22:43:04',1,'49.2647270','-123.0858040'),(1312955052,17,107,0,0.43,0,'','',0,1,0,'Recepient Cancelled',0,'2011-08-09 22:44:11','2011-08-09 22:44:45',1,'49.2649080','-123.0859310'),(1312998270,2,1,0,0.44,0,'','',0,1,0,'Sender Cancelled',0,'2011-08-10 10:44:30','2011-08-10 10:44:34',1,'0.0000000','0.0000000'),(1313081979,19,1,0,0.12,0,'','',0,1,0,'Sender Cancelled',0,'2011-08-11 09:59:38','2011-08-11 10:01:17',1,'0.0000000','0.0000000'),(1313082122,19,1,0,0.55,0,'','',0,1,0,'Sender Cancelled',0,'2011-08-11 10:02:01','2011-08-11 10:02:11',1,'0.0000000','0.0000000'),(1313085099,18,107,0,10.51,0,'','',0,1,0,'Recepient Cancelled',0,'2011-08-11 10:51:39','2011-08-11 10:52:00',1,'49.2818150','-123.1081210'),(1313085434,18,107,0,0.57,0,'','',0,1,0,'Recepient Cancelled',0,'2011-08-11 10:57:13','2011-08-11 10:57:57',1,'49.2818410','-123.1080830'),(1313085528,18,107,0,0.58,0,'','',0,1,0,'Recepient Cancelled',0,'2011-08-11 10:58:47','2011-08-11 10:59:21',1,'49.2818410','-123.1080830'),(1313092248,18,107,0,0.07,0,'','',0,1,0,'Recepient Cancelled',0,'2011-08-11 12:50:47','2011-08-11 12:51:00',1,'49.2825010','-123.1084170'),(1313096723,18,107,0,0.04,0,'','',0,1,0,'Recepient Cancelled',0,'2011-08-11 14:05:22','2011-08-11 14:05:43',1,'49.2819580','-123.1080730'),(1313175389,1,107,0,0.56,0,'','',0,1,0,'Sender Cancelled',0,'2011-08-12 11:56:29','2011-08-12 11:59:48',1,'49.2670810','-123.0696010'),(1313175613,1,107,0,0.01,0,'','',0,1,0,'Recepient Cancelled',0,'2011-08-12 12:00:12','2011-08-12 12:00:40',1,'49.2833240','-123.1062180'),(1313177035,1,107,0,0.23,0,'','',0,1,0,'Recepient Cancelled',0,'2011-08-12 12:23:54','2011-08-12 12:24:09',1,'49.2833240','-123.1062180'),(1313177077,1,107,0,0.24,0,'','',0,1,0,'Recepient Cancelled',0,'2011-08-12 12:24:36','2011-08-12 12:24:49',1,'49.2835550','-123.1062820'),(1313429833,2,107,0,0.37,0,'','',0,1,0,'Recepient Cancelled',0,'2011-08-15 10:37:12','2011-08-15 10:37:25',1,'49.2670140','-123.0698330'),(1313455178,18,114,0,0.39,0,'','',0,1,0,'Recepient Cancelled',0,'2011-08-15 17:39:38','2011-08-15 17:40:05',1,'49.2819370','-123.1079480'),(1313469202,1,115,0,0,0,'','',0,1,0,'Sender Cancelled',0,'2011-08-15 21:33:22','2011-08-15 21:33:25',1,'0.0000000','0.0000000'),(1313469234,1,115,0,0.33,0,'','',0,1,0,'Recepient Cancelled',0,'2011-08-15 21:33:54','2011-08-15 21:35:08',1,'49.2590190','-123.1171710'),(1313474064,21,112,0,0.54,0,'','',0,1,0,'Sender Cancelled',0,'2011-08-15 22:54:23','2011-08-15 22:55:00',1,'49.2648660','-123.0859330'),(1313525784,18,112,0,0.16,0,'','',0,1,0,'Recepient Cancelled',0,'2011-08-16 13:16:24','2011-08-16 13:16:41',1,'49.2820060','-123.1079720'),(1313535636,18,112,0,0.01,0,'','',0,1,0,'Recepient Cancelled',0,'2011-08-16 16:00:36','2011-08-16 16:02:12',1,'49.2819360','-123.1079950'),(1313535751,18,112,0,0.02,0,'','',0,1,0,'Recepient Cancelled',0,'2011-08-16 16:02:31','2011-08-16 16:02:36',1,'49.2819360','-123.1079950'),(1313535784,18,112,0,0.03,0,'','',0,1,0,'Recepient Cancelled',0,'2011-08-16 16:03:04','2011-08-16 16:04:23',1,'49.2819530','-123.1080250'),(1313539241,18,112,0,5,0,'','',0,1,0,'Recepient Cancelled',0,'2011-08-16 17:00:41','2011-08-16 17:01:04',1,'49.2819940','-123.1079660'),(1313705328,1,112,0,3.08,0,'','',0,1,0,'Sender Cancelled',0,'2011-08-18 15:08:48','2011-08-18 15:09:59',1,'49.2828590','-123.1044850'),(1313780134,1,112,0,11.55,0,'','',0,1,0,'Recepient Cancelled',0,'2011-08-19 11:55:33','2011-08-19 11:56:51',1,'49.2834020','-123.1066120'),(1313780235,1,112,0,11.57,0,'','What the duh\n',0,1,0,'Recepient Cancelled',0,'2011-08-19 11:57:15','2011-08-19 11:57:49',1,'49.2833470','-123.1066390'),(1313781329,1,112,0,0.15,0,'','',0,1,0,'Recepient Cancelled',0,'2011-08-19 12:15:29','2011-08-19 12:15:35',1,'49.2834010','-123.1065770'),(1313783145,1,112,0,0.45,0,'','',0,1,0,'Recepient Cancelled',0,'2011-08-19 12:45:45','2011-08-19 12:46:04',1,'49.2834010','-123.1065770'),(1313785681,1,112,0,0.27,0,'','',0,1,0,'Recepient Cancelled',0,'2011-08-19 13:28:00','2011-08-19 13:28:22',1,'49.2834010','-123.1065770'),(1313789525,1,112,0,0.32,0,'','',0,1,0,'Recepient Cancelled',0,'2011-08-19 14:32:04','2011-08-19 14:32:22',1,'49.2835740','-123.1064670'),(1313791759,1,112,0,0.09,0,'','',0,1,0,'Recepient Cancelled',0,'2011-08-19 15:09:18','2011-08-19 15:09:38',1,'49.2835740','-123.1064670'),(1313794618,1,112,0,0.56,0,'','',0,1,0,'Recepient Cancelled',0,'2011-08-19 15:56:57','2011-08-19 15:57:16',1,'49.2835520','-123.1063260'),(1313795872,1,112,0,15.68,0,'','',0,1,0,'Recepient Cancelled',0,'2011-08-19 16:17:51','2011-08-19 16:20:06',1,'49.2834060','-123.1065990'),(1314298277,2,112,0,0,0,'','',0,1,0,'Recepient Cancelled',0,'2011-08-25 11:51:16','2011-08-25 11:52:08',1,'49.2671620','-123.0696180'),(1314298352,2,112,0,0.52,0,'','',0,1,0,'Recepient Cancelled',0,'2011-08-25 11:52:31','2011-08-25 11:52:40',1,'49.2671620','-123.0696180'),(1314640976,17,112,0,0.02,0,'','',0,1,0,'Sender Cancelled',0,'2011-08-29 11:02:56','2011-08-29 11:03:14',1,'49.2647340','-123.0857310'),(1314643646,18,112,0,0.47,0,'','',0,1,0,'Recepient Cancelled',0,'2011-08-29 11:47:26','2011-08-29 11:47:39',1,'49.2820990','-123.1079050'),(1314647628,18,112,0,0.53,0,'','',0,1,0,'Recepient Cancelled',0,'2011-08-29 12:53:48','2011-08-29 12:54:18',1,'49.2820150','-123.1079850'),(1314656418,18,112,0,0.19,0,'','',0,1,0,'Recepient Cancelled',0,'2011-08-29 15:20:18','2011-08-29 15:20:33',1,'49.2820890','-123.1079540'),(1314657513,18,112,0,0.38,0,'','',0,1,0,'Recepient Cancelled',0,'2011-08-29 15:38:32','2011-08-29 15:40:29',1,'49.2820530','-123.1079440'),(1314732672,22,112,0,0.31,0,'','',0,1,0,'Sender Cancelled',0,'2011-08-30 12:31:12','2011-08-30 12:31:20',1,'0.0000000','0.0000000'),(1314896706,23,1,0,0.05,0,'','',0,1,0,'Sender Cancelled',0,'2011-09-01 10:05:06','2011-09-01 10:05:08',1,'0.0000000','0.0000000'),(1314908232,1,112,0,0.17,0,'','',0,1,0,'Recepient Cancelled',0,'2011-09-01 13:17:11','2011-09-01 13:17:24',1,'49.2833950','-123.1065960'),(1314908278,18,112,0,0.18,0,'','',0,1,0,'Recepient Cancelled',0,'2011-09-01 13:17:57','2011-09-01 13:18:08',1,'49.2834810','-123.1065530'),(1314908682,23,112,0,0.24,0,'','',0,1,0,'Sender Cancelled',0,'2011-09-01 13:24:42','2011-09-01 13:28:57',1,'49.2834420','-123.1065750'),(1314910812,18,112,0,0.01,0,'','',0,1,0,'Recepient Cancelled',0,'2011-09-01 14:00:12','2011-09-01 14:00:20',1,'49.2834690','-123.1065680'),(1314918204,23,112,0,0.03,0,'','',0,1,0,'Recepient Cancelled',0,'2011-09-01 16:03:23','2011-09-01 16:04:06',1,'49.2872780','-123.1171820'),(1314918315,23,112,0,0.05,0,'','',0,1,0,'Recepient Cancelled',0,'2011-09-01 16:05:14','2011-09-01 16:05:36',1,'49.2872780','-123.1171820'),(1314940104,22,1,0,1.23,0,'','',0,1,1,'Sender Cancelled',0,'2011-09-01 22:08:23','2011-09-01 22:08:29',1,'0.0000000','0.0000000'),(1314984099,2,112,0,0.21,0,'','',0,1,1,'Recepient Cancelled',0,'2011-09-02 10:21:38','2011-09-02 10:24:09',1,'49.2670780','-123.0696040'),(1314984466,2,112,0,0.27,0,'','',0,1,0,'Recepient Cancelled',0,'2011-09-02 10:27:46','2011-09-02 10:28:13',1,'49.2668810','-123.0697920'),(1314984609,18,112,0,0.3,0,'','',0,1,0,'Sender Cancelled',0,'2011-09-02 10:30:09','2011-09-02 10:31:18',1,'49.2668810','-123.0697920'),(1314984705,18,112,0,0.31,0,'','',0,1,0,'Sender Cancelled',0,'2011-09-02 10:31:45','2011-09-02 10:32:34',1,'49.2671240','-123.0695780'),(1315067325,17,112,0,0.28,0,'','',0,1,0,'Recepient Cancelled',0,'2011-09-03 09:28:44','2011-09-03 09:30:02',1,'49.2649560','-123.0858660'),(1315067452,17,112,0,0.3,0,'','',0,1,0,'Recepient Cancelled',0,'2011-09-03 09:30:51','2011-09-03 09:31:14',1,'49.2649560','-123.0858660'),(1315074798,1,112,0,0.33,0,'','',0,1,0,'Recepient Cancelled',0,'2011-09-03 11:33:17','2011-09-03 11:35:01',1,'49.2835860','-123.1064560'),(1315165148,17,112,0,0.39,0,'','',0,1,0,'Recepient Cancelled',0,'2011-09-04 12:39:08','2011-09-04 12:40:24',1,'49.2645770','-123.0858600'),(1315170244,2,112,0,0.03,0,'','',0,1,0,'Sender Cancelled',0,'2011-09-04 14:04:04','2011-09-04 14:05:56',1,'49.2647440','-123.0858410'),(1315170740,2,112,0,0.12,0,'','',0,1,0,'Recepient Cancelled',0,'2011-09-04 14:12:19','2011-09-04 14:13:33',1,'49.2670770','-123.0695890'),(1315171046,2,112,0,0.16,0,'','',0,1,0,'Sender Cancelled',0,'2011-09-04 14:17:26','2011-09-04 14:20:57',1,'0.0000000','0.0000000'),(1315171274,2,112,0,0.2,0,'','',0,1,0,'Sender Cancelled',0,'2011-09-04 14:21:14','2011-09-04 14:26:03',1,'0.0000000','0.0000000'),(1315171582,2,112,0,0.26,0,'','',0,1,0,'Recepient Cancelled',0,'2011-09-04 14:26:21','2011-09-04 14:27:37',1,'49.2670910','-123.0695770'),(1315171730,2,112,0,0.28,0,'','',0,1,0,'Recepient Cancelled',0,'2011-09-04 14:28:50','2011-09-04 14:30:48',1,'49.2670130','-123.0695520'),(1315171978,2,112,0,0.32,0,'','',0,1,0,'Recepient Cancelled',0,'2011-09-04 14:32:58','2011-09-04 14:35:29',1,'49.2671320','-123.0695680'),(1315246280,17,112,0,0.11,0,'','',0,1,0,'Sender Cancelled',0,'2011-09-05 11:11:19','2011-09-05 11:11:36',1,'49.2670010','-123.0698630'),(1315246309,17,112,0,0.12,0,'','',0,1,0,'Sender Cancelled',0,'2011-09-05 11:11:49','2011-09-05 11:15:45',1,'49.2670010','-123.0698630'),(1315271535,2,112,0,0.12,0,'','',0,1,0,'Sender Cancelled',0,'2011-09-05 18:12:14','2011-09-05 18:12:30',1,'49.2649210','-123.0856710'),(1315285005,22,1,0,1.23,0,'','',0,1,0,'Sender Cancelled',0,'2011-09-05 21:56:44','2011-09-05 21:58:33',1,'0.0000000','0.0000000'),(1315285130,22,1,0,1.23,0,'','test',0,1,0,'Sender Cancelled',0,'2011-09-05 21:58:49','2011-09-05 22:00:13',1,'49.2879150','-123.1323010'),(1315318144,2,112,0,0.08,0,'','',0,1,0,'Sender Cancelled',0,'2011-09-06 07:09:03','2011-09-06 07:11:41',1,'49.2649210','-123.0856710'),(1315328376,17,112,0,0.59,0,'','',0,1,0,'Recepient Cancelled',0,'2011-09-06 09:59:35','2011-09-06 10:05:03',1,'49.2646970','-123.0858620'),(1315328731,17,112,0,0.05,0,'','',0,1,0,'Recepient Cancelled',0,'2011-09-06 10:05:31','2011-09-06 10:05:47',1,'49.2646970','-123.0858620'),(1315356040,1,112,0,0.4,0,'','',0,1,0,'Sender Cancelled',0,'2011-09-06 17:40:39','2011-09-06 17:41:47',1,'0.0000000','0.0000000'),(1315491478,2,112,0,0.35,0,'','',0,1,0,'Sender Cancelled',0,'2011-09-08 07:17:57','2011-09-08 07:17:59',1,'0.0000000','0.0000000'),(1315494133,3,112,0,0.02,0,'','',0,1,0,'Sender Cancelled',0,'2011-09-08 08:02:13','2011-09-08 08:04:27',1,'49.2646760','-123.0861760'),(1315616562,1,112,0,0.02,0,'','',0,1,0,'Recepient Cancelled',0,'2011-09-09 18:02:42','2011-09-09 18:03:04',1,'49.2833250','-123.1066310'),(1315691784,1,112,0,0.56,0,'','',0,1,0,'Recepient Cancelled',0,'2011-09-10 14:56:23','2011-09-10 14:56:44',1,'49.2834620','-123.1065720'),(1315856916,18,112,0,0.48,0,'','',0,1,0,'Recepient Cancelled',0,'2011-09-12 12:48:36','2011-09-12 12:49:40',1,'49.2820080','-123.1079230'),(1315942733,18,112,0,0.38,0,'','',0,1,0,'Recepient Cancelled',0,'2011-09-13 12:38:52','2011-09-13 12:39:54',1,'49.2820080','-123.1079230'),(1315975483,17,112,0,0.44,0,'','',0,1,0,'Recepient Cancelled',0,'2011-09-13 21:44:42','2011-09-13 21:45:36',1,'49.2645320','-123.0859510'),(1316018049,3,112,0,1.23,0,'','',0,1,0,'Recepient Cancelled',0,'2011-09-14 09:34:09','2011-09-14 09:36:14',1,'49.2828320','-123.1039240'),(1316457711,18,112,0,0.41,0,'','',0,1,0,'Sender Cancelled',0,'2011-09-19 11:41:50','2011-09-19 11:42:22',1,'49.2819690','-123.1079020'),(1316457756,18,112,0,0.42,0,'','',0,1,0,'Recepient Cancelled',0,'2011-09-19 11:42:36','2011-09-19 11:43:01',1,'49.2819690','-123.1079020'),(1316539230,17,108,0,0.2,0,'','',0,1,0,'Sender Cancelled',0,'2011-09-20 10:20:29','2011-09-20 10:20:45',1,'49.2646800','-123.0858800'),(1316544100,17,112,0,0.41,0,'','',0,1,0,'Recepient Cancelled',0,'2011-09-20 11:41:40','2011-09-20 11:42:42',1,'49.2646780','-123.0858750'),(1316579079,17,112,0,0.24,0,'','',0,1,0,'Sender Cancelled',0,'2011-09-20 21:24:39','2011-09-20 21:25:05',1,'49.2646730','-123.0858960'),(1316579165,17,112,0,0.26,0,'','',0,1,0,'Recepient Cancelled',0,'2011-09-20 21:26:04','2011-09-20 21:29:41',1,'49.2646810','-123.0859380'),(1316579455,17,112,0,0.3,0,'','',0,1,0,'Recepient Cancelled',0,'2011-09-20 21:30:54','2011-09-20 21:40:13',1,'49.2647100','-123.0859410'),(1316580141,17,112,0,0.42,0,'','',0,1,0,'Recepient Cancelled',0,'2011-09-20 21:42:20','2011-09-20 21:43:13',1,'49.2646830','-123.0858810'),(1316580409,17,112,0,0.46,0,'','',0,1,0,'Recepient Cancelled',0,'2011-09-20 21:46:49','2011-09-20 21:47:19',1,'49.2648860','-123.0860050'),(1316624621,17,112,0,0.03,0,'','',0,1,0,'Recepient Cancelled',0,'2011-09-21 10:03:41','2011-09-21 10:03:59',1,'49.2648750','-123.0860160'),(1316624689,17,112,0,0.04,0,'','',0,1,0,'Sender Cancelled',0,'2011-09-21 10:04:49','2011-09-21 10:06:33',1,'49.2646900','-123.0860250'),(1316624837,17,112,0,0.07,0,'','',0,1,0,'Recepient Cancelled',0,'2011-09-21 10:07:16','2011-09-21 10:07:25',1,'49.2647290','-123.0860500'),(1316624878,17,112,0,0.08,0,'','',0,1,0,'Recepient Cancelled',0,'2011-09-21 10:07:57','2011-09-21 10:08:23',1,'49.2646430','-123.0859880'),(1316624925,2,112,0,0.08,0,'','',0,1,0,'Sender Cancelled',0,'2011-09-21 10:08:45','2011-09-21 10:10:05',1,'49.2645870','-123.0859680'),(1316625023,2,112,0,0.1,0,'','',0,1,0,'Sender Cancelled',0,'2011-09-21 10:10:22','2011-09-21 10:13:58',1,'49.2643800','-123.0858540'),(1316625274,2,112,0,0.14,0,'','',0,1,0,'Sender Cancelled',0,'2011-09-21 10:14:34','2011-09-21 10:14:55',1,'49.2646820','-123.0858850'),(1316630461,1,112,0,0.4,0,'','',0,1,0,'Recepient Cancelled',0,'2011-09-21 11:41:00','2011-09-21 11:41:24',1,'49.2834590','-123.1065670'),(1316651407,2,112,0,0.3,0,'','',0,1,0,'Sender Cancelled',0,'2011-09-21 17:30:06','2011-09-21 17:30:30',1,'49.2834590','-123.1065670'),(1316654947,1,112,0,0.29,0,'','',0,1,0,'Recepient Cancelled',0,'2011-09-21 18:29:06','2011-09-21 18:31:36',1,'49.2834590','-123.1065670'),(1316727741,17,112,0,0.42,0,'','',0,1,0,'Sender Cancelled',0,'2011-09-22 14:42:21','2011-09-22 14:43:02',1,'49.2834060','-123.1065880'),(1316727811,17,112,0,0.43,0,'','',0,1,0,'Sender Cancelled',0,'2011-09-22 14:43:30','2011-09-22 14:44:45',1,'49.2647050','-123.0858280'),(1316744733,18,112,0,0.25,0,'','',0,1,0,'Sender Cancelled',0,'2011-09-22 19:25:32','2011-09-22 19:31:22',1,'49.2647050','-123.0858280'),(1316745105,18,112,0,0.31,0,'','',0,1,0,'Recepient Cancelled',0,'2011-09-22 19:31:44','2011-09-22 19:33:08',1,'49.2819770','-123.1079900'),(1316745205,18,112,0,0.33,0,'','',0,1,0,'Recepient Cancelled',0,'2011-09-22 19:33:25','2011-09-22 19:35:06',1,'49.2819770','-123.1079900'),(1316753638,17,112,0,0.53,0,'','',0,1,0,'Sender Cancelled',0,'2011-09-22 21:53:57','2011-09-22 21:54:26',1,'49.2819770','-123.1079900'),(1316880867,2,112,0,0.14,0,'','',0,1,0,'Sender Cancelled',0,'2011-09-24 09:14:26','2011-09-24 09:15:56',1,'49.2819770','-123.1079900'),(1316880995,2,108,0,0.16,0,'','',0,1,0,'Sender Cancelled',0,'2011-09-24 09:16:35','2011-09-24 09:18:10',1,'49.2670980','-123.0695970'),(1316884401,17,112,0,0.13,0,'','',0,1,0,'Recepient Cancelled',0,'2011-09-24 10:13:20','2011-09-24 10:14:20',1,'49.2647000','-123.0858430'),(1316969114,17,112,0,0.45,0,'','',0,1,0,'Sender Cancelled',0,'2011-09-25 09:45:13','2011-09-25 09:46:11',1,'49.2670560','-123.0696440'),(1316970953,17,112,0,0.15,0,'','',0,1,0,'Recepient Cancelled',0,'2011-09-25 10:15:52','2011-09-25 10:16:58',1,'49.2646870','-123.0858910'),(1316980946,17,112,0,0.02,0,'','',0,1,0,'Recepient Cancelled',0,'2011-09-25 13:02:26','2011-09-25 13:03:25',1,'49.2646720','-123.0859550'),(1316996807,17,112,0,0.26,0,'','',0,1,0,'Recepient Cancelled',0,'2011-09-25 17:26:47','2011-09-25 17:27:05',1,'49.2646720','-123.0859550'),(1316996860,17,112,0,0.27,0,'','',0,1,0,'Recepient Cancelled',0,'2011-09-25 17:27:40','2011-09-25 17:28:39',1,'0.0000000','0.0000000'),(1317053629,17,112,0,12.34,0,'','',0,1,0,'Recepient Cancelled',0,'2011-09-26 09:13:48','2011-09-26 09:14:08',1,'49.2646930','-123.0858230'),(1317056293,3,112,0,0.58,0,'','',0,1,0,'Recepient Cancelled',0,'2011-09-26 09:58:13','2011-09-26 09:59:59',1,'49.2828620','-123.1041580'),(1317056579,3,112,0,0.02,0,'','',0,1,0,'Recepient Cancelled',0,'2011-09-26 10:02:58','2011-09-26 10:03:15',1,'49.2828620','-123.1041580'),(1317071827,17,112,0,0.17,0,'','',0,1,0,'Recepient Cancelled',0,'2011-09-26 14:17:07','2011-09-26 14:22:34',1,'49.2646580','-123.0859180'),(1317139058,17,112,0,0.57,0,'','',0,1,0,'Recepient Cancelled',0,'2011-09-27 08:57:38','2011-09-27 08:57:59',1,'49.2646580','-123.0859180'),(1317152497,1,112,0,0.41,0,'','',0,1,0,'Sender Cancelled',0,'2011-09-27 12:41:37','2011-09-27 12:43:12',1,'49.2834710','-123.1065280'),(1317152610,1,112,0,0.43,0,'','',0,1,0,'Recepient Cancelled',0,'2011-09-27 12:43:30','2011-09-27 12:44:19',1,'49.2834070','-123.1065820'),(1317234097,1,112,0,0.21,0,'','',0,1,0,'Recepient Cancelled',0,'2011-09-28 11:21:36','2011-09-28 11:22:28',1,'49.2834600','-123.1065460'),(1317344159,1,112,0,0.55,0,'','',0,1,0,'Recepient Cancelled',0,'2011-09-29 17:55:58','2011-09-29 17:56:13',1,'49.2833790','-123.1066040'),(1317664406,2,112,0,12.34,0,'','',0,1,0,'Recepient Cancelled',0,'2011-10-03 10:53:25','2011-10-03 10:54:21',1,'49.2671350','-123.0696210'),(1317755910,18,112,0,0.18,0,'','',0,1,0,'Recepient Cancelled',0,'2011-10-04 12:18:30','2011-10-04 12:18:57',1,'49.2828350','-123.1041110'),(1318018428,1,112,0,0.13,0,'','',0,1,0,'Recepient Cancelled',0,'2011-10-07 13:13:48','2011-10-07 13:14:10',1,'49.2833450','-123.1066200'),(1318277362,17,108,0,0.09,0,'','',0,1,0,'Recepient Cancelled',0,'2011-10-10 13:09:22','2011-10-10 13:12:59',1,'49.2646530','-123.0858860'),(1318277618,17,108,0,0.13,0,'','',0,1,0,'Sender Cancelled',0,'2011-10-10 13:13:38','2011-10-10 13:14:16',1,'0.0000000','0.0000000'),(1318343512,2,112,0,0.31,0,'','',0,1,0,'Recepient Cancelled',0,'2011-10-11 07:31:52','2011-10-11 07:33:36',1,'49.2670740','-123.0695220'),(1318344677,2,112,0,0.51,0,'','',0,1,0,'Sender Cancelled',0,'2011-10-11 07:51:16','2011-10-11 07:53:34',1,'49.2670950','-123.0697900'),(1318370756,1,112,0,12.34,0,'','',0,1,0,'Recepient Cancelled',0,'2011-10-11 15:05:55','2011-10-11 15:06:25',1,'49.2833970','-123.1065870'),(1318395957,2,1,0,1.23,0,'','',0,1,0,'Sender Cancelled',0,'2011-10-11 22:05:57','2011-10-11 22:05:59',1,'0.0000000','0.0000000'),(1318486026,17,112,0,0.07,0,'','',0,1,0,'Recepient Cancelled',0,'2011-10-12 23:07:06','2011-10-12 23:07:20',1,'49.2646900','-123.0858710'),(1318486077,17,112,0,0.08,0,'','',0,1,0,'Recepient Cancelled',0,'2011-10-12 23:07:56','2011-10-12 23:08:08',1,'49.2646900','-123.0858710'),(1318539776,1,112,0,0.02,0,'','',0,1,0,'Recepient Cancelled',0,'2011-10-13 14:02:55','2011-10-13 14:03:40',1,'49.2834930','-123.1065440'),(1318567166,17,112,0,0.39,0,'','',0,1,0,'Recepient Cancelled',0,'2011-10-13 21:39:25','2011-10-13 21:40:18',1,'49.2646600','-123.0858400'),(1318602105,2,112,0,0.21,0,'','',0,1,0,'Recepient Cancelled',0,'2011-10-14 07:21:45','2011-10-14 07:23:23',1,'49.2671200','-123.0696370'),(1318602236,2,112,0,0.23,0,'','',0,1,0,'Recepient Cancelled',0,'2011-10-14 07:23:55','2011-10-14 07:24:14',1,'49.2667460','-123.0699710'),(1318689981,2,112,0,12.34,0,'','',0,1,0,'Recepient Cancelled',0,'2011-10-15 07:46:20','2011-10-15 07:47:44',1,'49.2671320','-123.0696240'),(1318690151,2,108,0,0.49,0,'','',0,1,0,'Recepient Cancelled',0,'2011-10-15 07:49:10','2011-10-15 07:49:41',1,'49.2670360','-123.0696710'),(1318690196,2,108,0,5,0,'','',0,1,0,'Recepient Cancelled',0,'2011-10-15 07:49:56','2011-10-15 07:50:20',1,'49.2670360','-123.0696710'),(1318690287,2,112,0,0.51,0,'','',0,1,0,'Recepient Cancelled',0,'2011-10-15 07:51:27','2011-10-15 07:52:11',1,'49.2670850','-123.0696190'),(1318741185,17,112,0,0.59,0,'','',0,1,0,'Recepient Cancelled',0,'2011-10-15 21:59:44','2011-10-15 22:00:39',1,'49.2646142','-123.0858268'),(1318743818,17,112,0,0.43,0,'','',0,1,0,'Recepient Cancelled',0,'2011-10-15 22:43:38','2011-10-15 22:43:44',1,'49.2646531','-123.0859166'),(1318744508,17,112,0,0.55,0,'','',0,1,0,'Recepient Cancelled',0,'2011-10-15 22:55:08','2011-10-15 22:55:20',1,'49.2646746','-123.0856916'),(1318828251,17,112,0,0.1,0,'','',0,1,0,'Recepient Cancelled',0,'2011-10-16 22:10:51','2011-10-16 22:11:20',1,'49.2647140','-123.0858620'),(1318864343,2,112,0,0.12,0,'','',0,1,0,'Recepient Cancelled',0,'2011-10-17 08:12:22','2011-10-17 08:12:46',1,'49.2671110','-123.0696500'),(1318874468,2,112,0,0.01,0,'','',0,1,0,'Recepient Cancelled',0,'2011-10-17 11:01:07','2011-10-17 11:01:32',1,'49.2670890','-123.0696480'),(1318874619,2,112,0,0.03,0,'','',0,1,0,'Recepient Cancelled',0,'2011-10-17 11:03:39','2011-10-17 11:04:02',1,'49.2672140','-123.0695920'),(1318878932,17,112,0,0.15,0,'','',0,1,0,'Recepient Cancelled',0,'2011-10-17 12:15:32','2011-10-17 12:15:51',1,'49.2646950','-123.0858880'),(1318894156,2,112,0,2.7,0,'','',0,1,0,'Recepient Cancelled',0,'2011-10-17 16:29:16','2011-10-17 16:31:53',1,'49.2670410','-123.0696340'),(1318894495,2,112,0,2.7,0,'','',0,1,1,'Recepient Cancelled',0,'2011-10-17 16:34:55','2011-10-17 16:35:22',1,'49.2671150','-123.0696320'),(1318896563,1,112,0,0.09,0,'','',0,1,0,'Recepient Cancelled',0,'2011-10-17 17:09:23','2011-10-17 17:09:45',1,'49.2835130','-123.1065340'),(1318969597,17,112,0,0.26,0,'','',0,1,0,'Recepient Cancelled',0,'2011-10-18 13:26:37','2011-10-18 13:27:14',1,'49.2646710','-123.0859110'),(1318980060,18,112,0,0.2,0,'','',0,1,0,'Recepient Cancelled',0,'2011-10-18 16:21:00','2011-10-18 16:21:39',1,'49.2820730','-123.1079870'),(1320100317,2,112,0,0.31,0,'','',0,1,0,'Recepient Cancelled',0,'2011-10-31 15:31:56','2011-10-31 15:32:45',1,'49.2671580','-123.0696510'),(1320104100,2,112,0,0.34,0,'','',0,1,0,'Recepient Cancelled',0,'2011-10-31 16:35:00','2011-10-31 16:35:46',1,'49.2671590','-123.0695840'),(1320419641,2,108,0,0.25,0,'','',0,1,0,'Recepient Cancelled',0,'2011-11-04 08:14:00','2011-11-04 08:15:04',1,'49.2670750','-123.0696270'),(1320420539,17,112,0,12.34,0,'','',0,1,0,'Recepient Cancelled',0,'2011-11-04 08:28:58','2011-11-04 08:29:12',1,'49.2615155','-123.0823267'),(1320420588,17,112,0,0.29,0,'','',0,1,0,'Recepient Cancelled',0,'2011-11-04 08:29:47','2011-11-04 08:30:31',1,'0.0000000','0.0000000'),(1323272222,2,112,0,0.01,0,'','',0,1,0,'Recepient Cancelled',0,'2011-12-07 07:37:01','2011-12-07 07:37:10',1,'49.2670100','-123.0696720'),(1324397399,2,112,0,8.4,0,'','',0,1,0,'Recepient Cancelled',0,'2011-12-20 08:09:59','2011-12-20 08:10:42',1,'49.2670840','-123.0697500'),(1324521920,22,112,0,0.45,0,'','',0,1,0,'Sender Cancelled',0,'2011-12-21 18:45:19','2011-12-21 18:45:36',1,'49.2647340','-123.0858810'),(1324572646,2,152,0,2.7,0,'','',0,1,0,'Sender Cancelled',0,'2011-12-22 08:50:45','2011-12-22 08:53:53',1,'49.2671490','-123.0695470'),(1324586368,2,143,0,3.15,0,'','',0,1,0,'Sender Cancelled',0,'2011-12-22 12:39:27','2011-12-22 12:40:25',1,'49.2669820','-123.0692920'),(1325106599,2,155,0,5.33,0,'','',0,1,0,'Recepient Cancelled',0,'2011-12-28 13:09:59','2011-12-28 13:10:34',1,'49.2597720','-123.0711030'),(1327439988,23,112,0,0.19,0,'','',0,1,0,'Sender Cancelled',0,'2012-01-24 13:19:48','2012-01-24 13:20:16',1,'49.2835270','-123.1065300'),(1328051101,18,112,0,3.45,0,'','',0,1,0,'Recepient Cancelled',0,'2012-01-31 15:05:01','2012-01-31 15:06:09',1,'49.2822290','-123.1074250'),(1328051196,18,112,0,5.67,0,'','',0,1,0,'Sender Cancelled',0,'2012-01-31 15:06:35','2012-01-31 15:06:55',1,'49.2822290','-123.1074250'),(1328058714,25,112,0,0.44,0,'','',0,1,0,'Recepient Cancelled',0,'2012-01-31 17:11:54','2012-01-31 17:12:19',1,'49.2832070','-123.1027700'),(1328130859,25,112,0,28.73,0,'','',0,1,0,'Recepient Cancelled',0,'2012-02-01 13:14:19','2012-02-01 13:15:30',1,'49.2835060','-123.1028730'),(1328386389,1,112,0,0.13,0,'','',0,1,0,'Recepient Cancelled',0,'2012-02-04 12:13:09','2012-02-04 12:13:33',1,'49.2834820','-123.1065190'),(1328582948,1,112,0,3.33,0,'','',0,1,0,'Recepient Cancelled',0,'2012-02-06 18:49:08','2012-02-06 18:49:45',1,'49.2834430','-123.1065660'),(1329854288,1,112,0,0.58,0,'','',0,1,0,'Recepient Cancelled',0,'2012-02-21 11:58:07','2012-02-21 11:58:26',1,'49.2835220','-123.1065190'),(1329854957,1,112,0,53.76,0,'','',0,1,0,'Recepient Cancelled',0,'2012-02-21 12:09:16','2012-02-21 12:10:27',1,'49.2834730','-123.1065410'),(1331128806,1,112,0,4.56,0,'','',0,1,0,'Recepient Cancelled',0,'2012-03-07 06:00:05','2012-03-07 06:00:26',1,'45.5121310','-73.5688360'),(1331128963,1,1,0,6.89,0,'','',0,1,0,'Sender Cancelled',0,'2012-03-07 06:02:42','2012-03-07 06:03:50',1,'49.2879150','-123.1323010'),(1331129044,1,1,0,3.67,0,'','',0,1,0,'Sender Cancelled',0,'2012-03-07 06:04:03','2012-03-07 06:05:21',1,'49.2879150','-123.1323010'),(1331129137,1,1,0,7.33,0,'','',0,1,0,'Sender Cancelled',0,'2012-03-07 06:05:36','2012-03-07 06:06:45',1,'49.2879150','-123.1323010'),(1331129314,1,1,0,12.34,0,'','',0,1,0,'Sender Cancelled',0,'2012-03-07 06:08:34','2012-03-07 06:09:35',1,'49.2879150','-123.1323010'),(1331129396,1,112,0,3.67,0,'','',0,1,0,'Recepient Cancelled',0,'2012-03-07 06:09:56','2012-03-07 06:10:03',1,'45.5121330','-73.5688350'),(1331134832,1,112,0,0.55,0,'','',0,1,0,'Sender Cancelled',0,'2012-03-07 07:40:32','2012-03-07 07:42:40',1,'45.5121130','-73.5688010'),(1331134970,1,112,0,0.47,0,'','',0,1,0,'Recepient Cancelled',0,'2012-03-07 07:42:50','2012-03-07 07:43:32',1,'45.5121530','-73.5688200'),(1331135023,1,112,0,0.37,0,'','',0,1,0,'Recepient Cancelled',0,'2012-03-07 07:43:43','2012-03-07 07:43:51',1,'45.5121530','-73.5688200'),(1331135069,1,112,0,0.79,0,'','',0,1,0,'Recepient Cancelled',0,'2012-03-07 07:44:29','2012-03-07 07:44:37',1,'45.5121530','-73.5688200'),(1331135093,1,112,0,0.48,0,'','',0,1,0,'Recepient Cancelled',0,'2012-03-07 07:44:52','2012-03-07 07:45:00',1,'45.5121530','-73.5688200'),(1331135175,1,112,0,0.47,0,'','',0,1,0,'Recepient Cancelled',0,'2012-03-07 07:46:14','2012-03-07 07:46:26',1,'45.5121530','-73.5688200'),(1331135335,1,112,0,0.67,0,'','',0,1,0,'Recepient Cancelled',0,'2012-03-07 07:48:54','2012-03-07 07:49:00',1,'45.5121220','-73.5689040'),(1331135766,1,112,0,0.55,0,'','',0,1,0,'Recepient Cancelled',0,'2012-03-07 07:56:05','2012-03-07 07:57:03',1,'45.5121140','-73.5688020'),(1331136994,1,112,0,0.44,0,'','',0,1,0,'Recepient Cancelled',0,'2012-03-07 08:16:34','2012-03-07 08:17:05',1,'45.5121140','-73.5688030'),(1331139204,1,112,0,0.46,0,'','',0,1,0,'Recepient Cancelled',0,'2012-03-07 08:53:23','2012-03-07 08:53:49',1,'45.5121100','-73.5687980'),(1331139408,1,112,0,0.89,0,'','',0,1,0,'Recepient Cancelled',0,'2012-03-07 08:56:47','2012-03-07 08:57:14',1,'45.5120830','-73.5688360'),(1331140772,1,112,0,0.77,0,'','',0,1,0,'Sender Cancelled',0,'2012-03-07 09:19:32','2012-03-07 09:19:41',1,'45.5121010','-73.5687450'),(1331145568,1,112,0,0.44,0,'','',0,1,0,'Recepient Cancelled',0,'2012-03-07 10:39:28','2012-03-07 10:40:06',1,'45.5121370','-73.5687890'),(1331145645,1,112,0,0.35,0,'','',0,1,0,'Recepient Cancelled',0,'2012-03-07 10:40:44','2012-03-07 10:41:16',1,'45.5121370','-73.5687890'),(1331147287,1,112,0,0.45,0,'','',0,1,0,'Recepient Cancelled',0,'2012-03-07 11:08:06','2012-03-07 11:10:01',1,'45.5121140','-73.5688020'),(1331148908,1,112,0,0.34,0,'','',0,1,0,'Sender Cancelled',0,'2012-03-07 11:35:08','2012-03-07 11:35:12',1,'45.5121160','-73.5687840'),(1331153465,1,112,0,0.34,0,'','',0,1,0,'Recepient Cancelled',0,'2012-03-07 12:51:05','2012-03-07 12:51:12',1,'45.5121050','-73.5688560'),(1331157665,1,112,0,0.23,0,'','',0,1,0,'Recepient Cancelled',0,'2012-03-07 14:01:05','2012-03-07 14:01:41',1,'45.5121160','-73.5687790'),(1331577366,1,112,0,0.23,0,'','',0,1,0,'Recepient Cancelled',0,'2012-03-12 11:36:05','2012-03-12 11:39:13',1,'45.5116640','-73.5702180'),(1331699978,1,1,0,0.34,0,'','',0,1,0,'Sender Cancelled',0,'2012-03-13 21:39:38','2012-03-13 21:40:55',1,'49.2879150','-123.1323010'),(1331738252,1,1,0,0.33,0,'','',0,1,0,'Sender Cancelled',0,'2012-03-14 08:17:32','2012-03-14 08:18:01',1,'0.0000000','0.0000000'),(1331742102,1,171,0,0.56,0,'','',0,1,0,'Sender Cancelled',0,'2012-03-14 09:21:42','2012-03-14 09:22:43',1,'45.5117420','-73.5693430'),(1332025512,1,112,0,0.33,0,'','',0,1,0,'Sender Cancelled',0,'2012-03-17 16:05:11','2012-03-17 16:06:26',1,'0.0000000','0.0000000'),(1332450245,1,112,0,0.34,0,'','',0,1,0,'Recepient Cancelled',0,'2012-03-22 14:04:05','2012-03-22 14:04:31',1,'45.5121450','-73.5700860'),(1332515770,1,112,0,0.67,0,'','',0,1,0,'Recepient Cancelled',0,'2012-03-23 08:16:10','2012-03-23 08:17:40',1,'45.5123740','-73.5700050'),(1332515871,1,112,0,0.87,0,'','',0,1,0,'Recepient Cancelled',0,'2012-03-23 08:17:50','2012-03-23 08:18:38',1,'45.5120180','-73.5699940'),(1332942226,1,112,0,0.34,0,'','',0,1,0,'Sender Cancelled',0,'2012-03-28 06:43:46','2012-03-28 06:48:36',1,'45.5020210','-73.5687390'),(1332942534,1,112,0,0.55,0,'','',0,1,0,'Sender Cancelled',0,'2012-03-28 06:48:53','2012-03-28 06:49:11',1,'0.0000000','0.0000000'),(1332942971,1,112,0,0.67,0,'','',0,1,0,'Recepient Cancelled',0,'2012-03-28 06:56:11','2012-03-28 06:56:47',1,'45.5020430','-73.5689340'),(1332956935,1,1,0,0.44,0,'','',0,1,0,'Sender Cancelled',0,'2012-03-28 10:48:55','2012-03-28 10:49:10',1,'45.5117660','-73.5700510'),(1333032853,1,112,0,0.45,0,'','',0,1,0,'Recepient Cancelled',0,'2012-03-29 07:54:12','2012-03-29 07:54:20',1,'45.5171150','-73.5796350'),(1333033280,1,112,0,0.45,0,'','',0,1,0,'Recepient Cancelled',0,'2012-03-29 08:01:19','2012-03-29 08:01:47',1,'45.5177220','-73.5804400'),(1333044425,1,112,0,0.33,0,'','',0,1,0,'Recepient Cancelled',0,'2012-03-29 11:07:05','2012-03-29 11:07:32',1,'45.5118600','-73.5698220'),(1333052317,1,112,0,0.55,0,'','',0,1,0,'Sender Cancelled',0,'2012-03-29 13:18:36','2012-03-29 13:19:18',1,'0.0000000','0.0000000'),(1333135088,1,112,0,0.45,0,'','',0,1,0,'Recepient Cancelled',0,'2012-03-30 12:18:08','2012-03-30 12:18:23',1,'45.5118760','-73.5692360'),(1333456413,1,112,0,0.23,0,'','',0,1,0,'Recepient Cancelled',0,'2012-04-03 05:33:33','2012-04-03 05:33:50',1,'45.5120940','-73.5698000'),(1333475644,22,112,0,0.34,0,'','',0,1,0,'Sender Cancelled',0,'2012-04-03 10:54:03','2012-04-03 10:54:43',1,'0.0000000','0.0000000'),(1333476172,22,1,0,0.12,0,'','',0,1,0,'Sender Cancelled',0,'2012-04-03 11:02:52','2012-04-03 11:03:17',1,'45.5121340','-73.5704980'),(1333482849,22,112,0,0.56,0,'','',0,1,0,'Recepient Cancelled',0,'2012-04-03 12:54:08','2012-04-03 12:54:29',1,'45.4688250','-73.5390530'),(1333484208,22,112,0,0.34,0,'','',0,1,0,'Sender Cancelled',0,'2012-04-03 13:16:47','2012-04-03 13:16:55',1,'45.4696570','-73.5390990'),(1333552560,22,112,0,0.23,0,'','',0,1,0,'Recepient Cancelled',0,'2012-04-04 08:16:00','2012-04-04 08:16:23',1,'45.4996190','-73.5772380'),(1333559672,23,1,0,0.33,0,'','',0,1,0,'Sender Cancelled',0,'2012-04-04 10:14:32','2012-04-04 10:15:16',1,'45.5111350','-73.5700620'),(1333573093,1,112,0,0.23,0,'','',0,1,0,'Recepient Cancelled',0,'2012-04-04 13:58:12','2012-04-04 13:58:31',1,'45.5121130','-73.5698520'),(1333640917,1,112,0,12.34,0,'','',0,1,0,'Recepient Cancelled',0,'2012-04-05 08:48:37','2012-04-05 08:48:59',1,'45.5120060','-73.5698400'),(1333649917,1,112,0,0.23,0,'','',0,1,0,'Sender Cancelled',0,'2012-04-05 11:18:36','2012-04-05 11:18:46',1,'45.4962570','-73.5778240'),(1334079549,1,112,0,12.34,0,'','',0,1,0,'Sender Cancelled',0,'2012-04-10 10:39:08','2012-04-10 10:39:59',1,'45.5118300','-73.5699090'),(1334079637,23,112,0,0.4,0,'','',0,1,0,'Sender Cancelled',0,'2012-04-10 10:40:37','2012-04-10 10:43:15',1,'45.5118450','-73.5698940'),(1334150730,1,1,0,0.56,0,'','',0,1,0,'Sender Cancelled',0,'2012-04-11 06:25:30','2012-04-11 06:25:34',1,'45.5121200','-73.5697350'),(1334434601,19,1,0,0.65,0,'','',0,1,0,'Sender Cancelled',0,'2012-04-14 13:16:41','2012-04-14 13:19:20',1,'45.5203860','-73.5839680'),(1334435003,19,1,0,0.33,0,'','',0,1,0,'Sender Cancelled',0,'2012-04-14 13:23:23','2012-04-14 13:25:03',1,'45.5203735','-73.5839463'),(1334447374,19,1,0,0.44,0,'','',0,1,0,'Sender Cancelled',0,'2012-04-14 16:49:34','2012-04-14 16:54:01',1,'45.5203834','-73.5839569'),(1334449084,19,112,0,0.67,0,'','',0,1,0,'Sender Cancelled',0,'2012-04-14 17:18:04','2012-04-14 17:18:28',1,'0.0000000','0.0000000'),(1334450700,2,1,0,0.34,0,'','ff',0,1,0,'Sender Cancelled',0,'2012-04-14 17:44:59','2012-04-14 17:45:10',1,'45.5204170','-73.5838040'),(1334506751,19,1,0,0.34,0,'','',0,1,0,'Sender Cancelled',0,'2012-04-15 09:19:11','2012-04-15 09:22:04',1,'45.5203708','-73.5839432'),(1334517098,2,112,0,0.11,0,'','',0,1,0,'Recepient Cancelled',0,'2012-04-15 12:11:37','2012-04-15 12:12:02',1,'45.5161440','-73.5691600'),(1334591849,1,112,0,0.57,0,'','',0,1,0,'Recepient Cancelled',0,'2012-04-16 08:57:28','2012-04-16 08:57:35',1,'45.5122181','-73.5697711'),(1334594561,1,112,0,0.42,0,'','',0,1,0,'Sender Cancelled',0,'2012-04-16 09:42:40','2012-04-16 09:43:26',1,'45.5118330','-73.5697100'),(1334596275,1,112,0,0.11,0,'','',0,1,0,'Sender Cancelled',0,'2012-04-16 10:11:14','2012-04-16 10:12:13',1,'45.5120540','-73.5698220'),(1334596524,1,112,0,0.15,0,'','',0,1,0,'Sender Cancelled',0,'2012-04-16 10:15:24','2012-04-16 10:17:16',1,'45.5120480','-73.5698010'),(1334690723,1,112,0,0.25,0,'','',0,1,0,'Recepient Cancelled',0,'2012-04-17 12:25:23','2012-04-17 12:25:44',1,'45.5120570','-73.5697920'),(1334762533,1,112,0,0.22,0,'','',0,1,0,'Sender Cancelled',0,'2012-04-18 08:22:12','2012-04-18 08:22:33',1,'0.0000000','0.0000000'),(1334779397,1,112,0,0.02,0,'','',0,1,0,'Sender Cancelled',0,'2012-04-18 13:03:16','2012-04-18 13:03:45',1,'45.5119490','-73.5699500'),(1334785350,1,112,0,0.42,0,'','',0,1,0,'Recepient Cancelled',0,'2012-04-18 14:42:29','2012-04-18 14:42:50',1,'45.5120690','-73.5698190'),(1334861377,27,181,0,0.55,0,'','',0,1,0,'Sender Cancelled',0,'2012-04-19 11:49:36','2012-04-19 11:50:42',1,'0.0000000','0.0000000'),(1334861454,27,179,0,0.22,0,'','',0,1,0,'Sender Cancelled',0,'2012-04-19 11:50:54','2012-04-19 11:52:02',1,'45.5118720','-73.5700050'),(1334864663,27,112,0,0.44,0,'','',0,1,0,'Recepient Cancelled',0,'2012-04-19 12:44:22','2012-04-19 12:44:36',1,'45.4843780','-73.6294190'),(1334933694,1,179,0,0.33,0,'','',0,1,0,'Sender Cancelled',0,'2012-04-20 07:54:54','2012-04-20 07:56:20',1,'45.5120643','-73.5697957'),(1334948525,1,179,0,0.44,0,'','',0,1,0,'Sender Cancelled',0,'2012-04-20 12:02:04','2012-04-20 12:02:22',1,'45.5119786','-73.5699842'),(1334948594,1,179,0,0.33,0,'','',0,1,0,'Sender Cancelled',0,'2012-04-20 12:03:14','2012-04-20 12:03:30',1,'45.5120449','-73.5701268'),(1334948962,1,179,0,0.33,0,'','',0,1,0,'Sender Cancelled',0,'2012-04-20 12:09:22','2012-04-20 12:09:27',1,'45.5120231','-73.5698227'),(1334949000,1,179,0,0.22,0,'','',0,1,0,'Sender Cancelled',0,'2012-04-20 12:09:59','2012-04-20 12:12:28',1,'45.5120724','-73.5698729'),(1334956986,1,112,0,0.23,0,'','',0,1,0,'Recepient Cancelled',0,'2012-04-20 14:23:06','2012-04-20 14:23:19',1,'45.5120500','-73.5697980'),(1334957537,1,112,0,0.25,0,'','',0,1,0,'Sender Cancelled',0,'2012-04-20 14:32:16','2012-04-20 14:32:39',1,'45.5111820','-73.5704710'),(1335210258,1,112,0,0.44,0,'','',0,1,0,'Recepient Cancelled',0,'2012-04-23 12:44:18','2012-04-23 12:44:35',1,'45.5119290','-73.5699270'),(1335290707,26,183,0,0.02,0,'','',0,1,0,'Recepient Cancelled',0,'2012-04-24 11:05:06','2012-04-24 11:05:23',1,'45.4832780','-73.6163210'),(1335307709,1,112,0,4.29,0,'','',0,1,0,'Recepient Cancelled',0,'2012-04-24 15:48:28','2012-04-24 15:49:06',1,'45.5120840','-73.5697580'),(1335308013,1,178,0,0.53,0,'','',0,1,0,'Sender Cancelled',0,'2012-04-24 15:53:32','2012-04-24 15:55:38',1,'45.5119780','-73.5700750'),(1335319288,26,183,0,0.02,0,'','',0,1,0,'Recepient Cancelled',0,'2012-04-24 19:01:28','2012-04-24 19:01:48',1,'45.4831680','-73.6163570'),(1335323201,26,183,0,0.02,0,'','',0,1,0,'Sender Cancelled',0,'2012-04-24 20:06:41','2012-04-24 20:09:53',1,'45.4843260','-73.6211570'),(1335465856,1,1,0,0.45,0,'','',0,1,0,'Sender Cancelled',0,'2012-04-26 11:44:15','2012-04-26 11:50:28',1,'45.5119419','-73.5698416'),(1335801074,1,1,0,12.34,0,'','',0,1,0,'Recepient Cancelled',0,'2012-04-30 08:51:14','2012-04-30 08:51:28',1,'45.5119040','-73.5697100'),(1335807448,1,1,0,0.11,0,'','',0,1,0,'Sender Cancelled',0,'2012-04-30 10:37:28','2012-04-30 10:38:02',1,'0.0000000','0.0000000'),(1335807557,1,1,0,0.33,0,'','',0,1,0,'Sender Cancelled',0,'2012-04-30 10:39:16','2012-04-30 10:41:25',1,'0.0000000','0.0000000'),(1335809643,17,1,0,0.22,0,'','',0,1,0,'Sender Cancelled',0,'2012-04-30 11:14:02','2012-04-30 11:16:47',1,'45.5120341','-73.5698307'),(1335809842,17,1,0,0.11,0,'','',0,1,0,'Recepient Cancelled',0,'2012-04-30 11:17:22','2012-04-30 11:17:45',1,'45.5122618','-73.5697769'),(1335901729,17,112,0,0.48,0,'','',0,1,0,'Sender Cancelled',0,'2012-05-01 12:48:48','2012-05-01 12:49:30',1,'45.5119180','-73.5692370'),(1335901916,23,1,0,0.51,0,'','',0,1,0,'Sender Cancelled',0,'2012-05-01 12:51:55','2012-05-01 12:52:21',1,'45.5119390','-73.5696760'),(1335901978,23,1,0,0.52,0,'','',0,1,0,'Recepient Cancelled',0,'2012-05-01 12:52:58','2012-05-01 12:53:47',1,'45.5119390','-73.5696760'),(1335903649,1,112,0,0.2,0,'','',0,1,0,'Sender Cancelled',0,'2012-05-01 13:20:48','2012-05-01 13:22:11',1,'45.5119460','-73.5699030'),(1336264599,23,112,0,23.3,0,'','',0,1,0,'Recepient Cancelled',0,'2012-05-05 17:36:38','2012-05-05 17:36:51',1,'45.5158360','-73.5699720'),(1336264560,23,112,0,0.35,0,'','',0,1,0,'Sender Cancelled',0,'2012-05-05 17:36:00','2012-05-05 17:36:17',1,'45.5160800','-73.5692620'),(1336264121,23,112,0,2.33,0,'','',0,1,0,'Sender Cancelled',0,'2012-05-05 17:28:40','2012-05-05 17:30:35',1,'45.5160332','-73.5694172'),(1336264628,23,112,0,2.33,0,'','',0,1,0,'Sender Cancelled',0,'2012-05-05 17:37:07','2012-05-05 17:37:25',1,'45.5158360','-73.5699720'),(1336331483,1,1,0,0.33,0,'','',0,1,0,'Sender Cancelled',0,'2012-05-06 12:11:23','2012-05-06 12:11:38',1,'0.0000000','0.0000000'),(1336333234,1,1,0,0.22,0,'','',0,1,0,'Sender Cancelled',0,'2012-05-06 12:40:34','2012-05-06 12:42:36',1,'0.0000000','0.0000000'),(1336333368,1,1,0,0.23,0,'','',0,1,0,'Sender Cancelled',0,'2012-05-06 12:42:48','2012-05-06 12:43:45',1,'45.5203606','-73.5839399'),(1336333444,19,1,0,0.24,0,'','',0,1,0,'Sender Cancelled',0,'2012-05-06 12:44:04','2012-05-06 12:44:30',1,'45.5203606','-73.5839399'),(1336333641,19,1,0,0.23,0,'','',0,1,0,'Sender Cancelled',0,'2012-05-06 12:47:20','2012-05-06 12:47:41',1,'45.5203599','-73.5839513'),(1336338848,23,112,0,0.14,0,'','',0,1,0,'Sender Cancelled',0,'2012-05-06 14:14:07','2012-05-06 14:15:11',1,'45.5160450','-73.5692500'),(1336351176,17,112,0,0.39,0,'','',0,1,0,'Sender Cancelled',0,'2012-05-06 17:39:35','2012-05-06 17:42:34',1,'45.5160380','-73.5690910'),(1336355116,17,112,0,1.45,0,'','',0,1,0,'Recepient Cancelled',0,'2012-05-06 18:45:15','2012-05-06 18:45:31',1,'45.5158180','-73.5691000'),(1336577973,23,112,0,12.34,0,'','',0,1,0,'Recepient Cancelled',0,'2012-05-09 08:39:32','2012-05-09 08:39:52',1,'45.5086130','-73.5718510'),(1336578426,23,218,0,0.47,0,'','',0,1,0,'Recepient Cancelled',0,'2012-05-09 08:47:05','2012-05-09 08:47:48',1,'45.5086100','-73.5718630'),(1336600717,1,201,0,0.58,0,'','',0,1,0,'Recepient Cancelled',0,'2012-05-09 14:58:36','2012-05-09 14:59:55',1,'45.5118620','-73.5699330'),(1336601681,1,201,0,0.14,0,'','',0,1,0,'Recepient Cancelled',0,'2012-05-09 15:14:41','2012-05-09 15:15:05',1,'45.5118620','-73.5699330'),(1336623310,17,112,0,0.15,0,'','',0,1,0,'Sender Cancelled',0,'2012-05-09 21:15:09','2012-05-09 21:17:39',1,'45.5161150','-73.5692250'),(1336674293,1,112,0,0.24,0,'','',0,1,0,'Sender Cancelled',0,'2012-05-10 11:24:53','2012-05-10 11:25:26',1,'0.0000000','0.0000000'),(1336676767,26,183,0,0.02,0,'','',0,1,0,'Sender Cancelled',0,'2012-05-10 12:06:07','2012-05-10 12:09:09',1,'34.0338840','-118.2397130'),(1336677462,26,183,0,0.02,0,'','',0,1,0,'Sender Cancelled',0,'2012-05-10 12:17:41','2012-05-10 12:19:14',1,'34.1613170','-118.3707590'),(1336683257,26,183,0,0.02,0,'','',0,1,0,'Sender Cancelled',0,'2012-05-10 13:54:16','2012-05-10 14:02:25',1,'34.0338840','-118.2397130'),(1336685057,26,112,0,12.34,0,'','',0,1,0,'Recepient Cancelled',0,'2012-05-10 14:24:16','2012-05-10 14:26:02',1,'45.5120190','-73.5698650'),(1336686162,26,112,0,0.42,0,'','',0,1,0,'Recepient Cancelled',0,'2012-05-10 14:42:42','2012-05-10 14:43:00',1,'45.5119210','-73.5704440'),(1337096670,1,224,0,0.55,0,'','',0,1,0,'Sender Cancelled',0,'2012-05-15 08:44:29','2012-05-15 08:48:51',1,'45.5119326','-73.5699028'),(1337111768,1,1,0,0.22,0,'','',0,1,0,'Sender Cancelled',0,'2012-05-15 12:56:08','2012-05-15 12:57:17',1,'45.5119430','-73.5699430'),(1337112386,1,1,0,0.1,0,'','',0,1,0,'Recepient Cancelled',0,'2012-05-15 13:06:26','2012-05-15 13:12:03',1,'45.5118660','-73.5697680'),(1337313885,1,1,0,0.11,0,'','',0,1,0,'Sender Cancelled',0,'2012-05-17 21:04:44','2012-05-17 21:05:16',1,'45.5211600','-73.5828460'),(1337313938,19,1,0,0.12,0,'','',0,1,0,'Sender Cancelled',0,'2012-05-17 21:05:38','2012-05-17 21:07:42',1,'45.5207590','-73.5834320'),(1337652926,23,1,0,0.22,0,'','',0,1,0,'Sender Cancelled',0,'2012-05-21 19:15:26','2012-05-21 19:15:50',1,'45.5203820','-73.5839750'),(1337792022,23,1,0,0.23,0,'','',0,1,0,'Sender Cancelled',0,'2012-05-23 09:53:42','2012-05-23 09:54:01',1,'45.5085560','-73.5622420'),(1337792158,23,1,0,0.22,0,'','',0,1,0,'Recepient Cancelled',0,'2012-05-23 09:55:58','2012-05-23 09:56:33',1,'45.5085560','-73.5622420'),(1337960226,1,112,0,0.37,0,'','',0,1,0,'Recepient Cancelled',0,'2012-05-25 08:37:06','2012-05-25 08:37:24',1,'45.5119960','-73.5697930'),(1337960308,1,112,0,0.38,0,'','',0,1,0,'Sender Cancelled',0,'2012-05-25 08:38:27','2012-05-25 08:43:43',1,'45.5116930','-73.5701920'),(1338661916,17,112,0,0.31,0,'','',0,1,0,'Recepient Cancelled',0,'2012-06-02 11:31:56','2012-06-02 11:32:24',1,'49.2647040','-123.0857730'),(1338775506,30,112,0,0.05,0,'','',0,1,0,'Recepient Cancelled',0,'2012-06-03 19:05:05','2012-06-03 19:05:37',1,'49.2644470','-123.0866170'),(1338831344,30,1,0,0.09,0,'','',0,1,0,'Sender Cancelled',0,'2012-06-04 10:35:44','2012-06-04 10:36:08',1,'49.2819280','-123.1079510'),(1338920070,30,112,0,0.14,0,'','',0,1,0,'Recepient Cancelled',0,'2012-06-05 11:14:29','2012-06-05 11:15:23',1,'49.2820670','-123.1079020'),(1338923096,30,112,0,0.11,0,'','',0,1,0,'Sender Cancelled',0,'2012-06-05 12:04:55','2012-06-05 12:05:09',1,'49.2829320','-123.1073950'),(1338923119,30,112,0,0.22,0,'','',0,1,0,'Recepient Cancelled',0,'2012-06-05 12:05:19','2012-06-05 12:05:38',1,'49.2829320','-123.1073950'),(1338923157,30,112,0,0.05,0,'','',0,1,0,'Sender Cancelled',0,'2012-06-05 12:05:56','2012-06-05 12:08:04',1,'0.0000000','0.0000000'),(1338923305,30,112,0,0.08,0,'','',0,1,0,'Sender Cancelled',0,'2012-06-05 12:08:25','2012-06-05 12:09:09',1,'0.0000000','0.0000000'),(1338923386,30,112,0,0.09,0,'','',0,1,0,'Sender Cancelled',0,'2012-06-05 12:09:45','2012-06-05 12:10:15',1,'0.0000000','0.0000000'),(1338923474,30,112,0,0.11,0,'','',0,1,0,'Sender Cancelled',0,'2012-06-05 12:11:13','2012-06-05 12:12:09',1,'0.0000000','0.0000000'),(1338923574,30,112,0,0.12,0,'','',0,1,0,'Recepient Cancelled',0,'2012-06-05 12:12:53','2012-06-05 12:13:07',1,'49.2819960','-123.1078680'),(1338923672,30,1,0,0.14,0,'','',0,1,0,'Sender Cancelled',0,'2012-06-05 12:14:31','2012-06-05 12:19:23',1,'0.0000000','0.0000000'),(1338924351,30,1,0,0.24,0,'','',0,1,0,'Recepient Cancelled',0,'2012-06-05 12:25:51','2012-06-05 12:27:01',1,'49.2828400','-123.1074430'),(1338925109,30,112,0,0.38,0,'','',0,1,0,'Sender Cancelled',0,'2012-06-05 12:38:29','2012-06-05 12:42:37',1,'0.0000000','0.0000000'),(1338925393,30,112,0,0.43,0,'','',0,1,0,'Sender Cancelled',0,'2012-06-05 12:43:12','2012-06-05 12:46:36',1,'0.0000000','0.0000000'),(1338927102,30,1,0,0.04,0,'','',0,1,0,'Recepient Cancelled',0,'2012-06-05 13:11:41','2012-06-05 13:12:01',1,'49.2829590','-123.1074730'),(1338930067,30,112,0,0.45,0,'','',0,1,0,'Recepient Cancelled',0,'2012-06-05 14:01:07','2012-06-05 14:01:40',1,'49.2829840','-123.1043380'),(1338930130,30,1,0,0.44,0,'','',0,1,0,'Recepient Cancelled',0,'2012-06-05 14:02:10','2012-06-05 14:02:54',1,'49.2829020','-123.1043260'),(1338932251,30,112,0,10.43,0,'','',0,1,0,'Sender Cancelled',0,'2012-06-05 14:37:30','2012-06-05 14:38:01',1,'49.2828560','-123.1042150'),(1339184624,30,112,0,0.43,0,'','',0,1,0,'Recepient Cancelled',0,'2012-06-08 12:43:43','2012-06-08 12:44:04',1,'49.2834730','-123.1065560'),(1339184684,31,112,0,0.44,0,'','',0,1,0,'Recepient Cancelled',0,'2012-06-08 12:44:44','2012-06-08 12:45:22',1,'49.2839700','-123.1062170'),(1339192174,29,112,0,0.49,0,'','',0,1,0,'Recepient Cancelled',0,'2012-06-08 14:49:34','2012-06-08 14:50:14',1,'49.2834850','-123.1064980'),(1339192718,31,112,0,0.58,0,'','',0,1,0,'Sender Cancelled',0,'2012-06-08 14:58:38','2012-06-08 14:59:06',1,'49.2837400','-123.1057910'),(1339195441,31,108,0,0.43,0,'','',0,1,0,'Sender Cancelled',0,'2012-06-08 15:44:00','2012-06-08 15:51:26',1,'0.0000000','0.0000000'),(1339286319,31,112,0,0.58,0,'','',0,1,0,'Recepient Cancelled',0,'2012-06-09 16:58:39','2012-06-09 16:58:55',1,'49.2834720','-123.1065270'),(1339450491,31,112,0,0.34,0,'','',0,1,0,'Recepient Cancelled',0,'2012-06-11 14:34:51','2012-06-11 14:35:13',1,'49.2835450','-123.1065110'),(1339607409,31,112,0,0.12,0,'','',0,1,0,'Recepient Cancelled',0,'2012-06-13 10:10:08','2012-06-13 10:11:13',1,'49.2821000','-123.1079220'),(1339607503,31,112,0,3.43,0,'','',0,1,0,'Sender Cancelled',0,'2012-06-13 10:11:43','2012-06-13 10:11:57',1,'49.2821000','-123.1079220'),(1339612799,31,259,0,2.39,0,'','',0,1,0,'Sender Cancelled',0,'2012-06-13 11:39:58','2012-06-13 11:41:45',1,'49.2834420','-123.1096360'),(1339626355,31,108,0,6.25,0,'','',0,1,0,'Recepient Cancelled',0,'2012-06-13 15:25:55','2012-06-13 15:26:19',1,'49.2835280','-123.1065320'),(1339793996,31,112,0,5.49,0,'','',0,1,0,'Sender Cancelled',0,'2012-06-15 13:59:56','2012-06-15 14:01:03',1,'49.2835200','-123.1065280'),(1340138227,31,112,0,1.37,0,'','',0,1,0,'Recepient Cancelled',0,'2012-06-19 13:37:06','2012-06-19 13:37:29',1,'49.2835140','-123.1065390'),(1340139766,31,112,0,2.02,0,'','',0,1,0,'Recepient Cancelled',0,'2012-06-19 14:02:46','2012-06-19 14:04:00',1,'49.2834580','-123.1048750'),(1340146214,31,112,0,3.5,0,'','',0,1,0,'Sender Cancelled',0,'2012-06-19 15:50:13','2012-06-19 15:51:40',1,'49.2831930','-123.1093070'),(1340160034,31,112,0,3.44,0,'','',0,1,0,'Recepient Cancelled',0,'2012-06-19 19:40:33','2012-06-19 19:41:12',1,'49.2831130','-123.1055230'),(1340163410,31,271,0,4.66,0,'','',0,1,0,'Recepient Cancelled',0,'2012-06-19 20:36:50','2012-06-19 20:37:39',1,'49.2833960','-123.1046040'),(1340320765,32,112,0,122.12,0,'','',0,1,0,'Sender Cancelled',0,'2012-06-21 16:19:25','2012-06-21 16:22:41',1,'49.2835100','-123.1065230'),(1340321332,33,112,0,4.28,0,'','',0,1,0,'Sender Cancelled',0,'2012-06-21 16:28:52','2012-06-21 16:30:30',1,'49.2834970','-123.1065390'),(1340321761,34,112,0,4.35,0,'','',0,1,0,'Sender Cancelled',0,'2012-06-21 16:36:00','2012-06-21 16:36:37',1,'49.2834970','-123.1065390'),(1340321856,35,112,0,4.37,0,'','',0,1,0,'Recepient Cancelled',0,'2012-06-21 16:37:35','2012-06-21 16:37:52',1,'49.2835320','-123.1065160'),(1340321911,36,112,0,4.38,0,'','',0,1,0,'Sender Cancelled',0,'2012-06-21 16:38:31','2012-06-21 16:39:04',1,'49.2835320','-123.1065160'),(1340322961,37,112,0,4.55,0,'','',0,1,0,'Sender Cancelled',0,'2012-06-21 16:56:00','2012-06-21 16:56:33',1,'49.2835030','-123.1065220'),(1340323006,37,112,0,4.56,0,'','',0,1,0,'Sender Cancelled',0,'2012-06-21 16:56:45','2012-06-21 16:57:24',1,'49.2835170','-123.1065260'),(1340323077,37,112,0,4.57,0,'','',0,1,0,'Recepient Cancelled',0,'2012-06-21 16:57:56','2012-06-21 16:58:24',1,'49.2835170','-123.1065260'),(1340324580,31,112,0,5.22,0,'','',0,1,0,'Recepient Cancelled',0,'2012-06-21 17:23:00','2012-06-21 17:23:49',1,'49.2834760','-123.1065410'),(1340332703,37,1,0,12.34,0,'','',0,1,0,'Sender Cancelled',0,'2012-06-21 19:38:23','2012-06-21 19:42:00',1,'49.2826990','-123.1076360'),(1340333055,37,1,0,0.33,0,'','',0,1,0,'Sender Cancelled',0,'2012-06-21 19:44:14','2012-06-21 19:47:21',1,'49.2824630','-123.1078080'),(1340335691,36,165,0,0.33,0,'','',0,1,0,'Sender Cancelled',0,'2012-06-21 20:28:10','2012-06-21 20:28:14',1,'0.0000000','0.0000000'),(1340338630,36,1,0,0.22,0,'','',0,1,0,'Sender Cancelled',0,'2012-06-21 21:17:10','2012-06-21 21:17:57',1,'49.2831200','-123.1075570'),(1340405130,31,112,0,3.45,0,'','',0,1,0,'Recepient Cancelled',0,'2012-06-22 15:45:30','2012-06-22 15:45:54',1,'49.2817030','-123.1062280'),(1340646590,31,112,0,10.49,0,'','',0,1,0,'Sender Cancelled',0,'2012-06-25 10:49:49','2012-06-25 10:50:04',1,'49.2646860','-123.0859740'),(1340647348,31,112,0,0.02,0,'','',0,1,0,'Recepient Cancelled',0,'2012-06-25 11:02:27','2012-06-25 11:03:18',1,'49.2645960','-123.0856470'),(1340652396,32,112,0,0.12,0,'','',0,1,0,'Recepient Cancelled',0,'2012-06-25 12:26:35','2012-06-25 12:26:52',1,'49.2835100','-123.1065310'),(1340652885,33,112,0,1.21,0,'','',0,1,0,'Sender Cancelled',0,'2012-06-25 12:34:44','2012-06-25 12:40:38',1,'49.2835090','-123.1065320'),(1340653783,33,112,0,1.21,0,'','',0,1,0,'Recepient Cancelled',0,'2012-06-25 12:49:42','2012-06-25 12:50:46',1,'49.2835220','-123.1065250'),(1340653993,34,112,0,1.21,0,'','',0,1,0,'Recepient Cancelled',0,'2012-06-25 12:53:12','2012-06-25 12:54:04',1,'49.2835060','-123.1065410'),(1340654091,35,112,0,1.21,0,'','',0,1,0,'Sender Cancelled',0,'2012-06-25 12:54:51','2012-06-25 12:55:05',1,'49.2835060','-123.1065410'),(1340654143,36,112,0,1.21,0,'','',0,1,0,'Recepient Cancelled',0,'2012-06-25 12:55:42','2012-06-25 12:56:07',1,'49.2835060','-123.1065410'),(1340656462,37,112,0,3.36,0,'','',0,1,0,'Recepient Cancelled',0,'2012-06-25 13:34:22','2012-06-25 13:35:05',1,'49.2821940','-123.1041800'),(1340750161,31,112,0,3.35,0,'','',0,1,0,'Recepient Cancelled',0,'2012-06-26 15:36:00','2012-06-26 15:37:09',1,'49.2746460','-123.1215450'),(1340816873,31,112,0,1.09,0,'','',0,1,0,'Recepient Cancelled',0,'2012-06-27 10:07:52','2012-06-27 10:08:00',1,'49.2822270','-123.1041980'),(1340817658,31,112,0,3.45,0,'','',0,1,0,'Recepient Cancelled',0,'2012-06-27 10:20:58','2012-06-27 10:21:48',1,'49.2822050','-123.1041750'),(1340849882,31,112,0,12.31,0,'','',0,1,0,'Sender Cancelled',0,'2012-06-27 19:18:02','2012-06-27 19:19:12',1,'49.2647410','-123.0858780'),(1340913269,31,112,0,0.54,0,'','',0,1,0,'Recepient Cancelled',0,'2012-06-28 12:54:29','2012-06-28 12:55:03',1,'49.2835150','-123.1065400'),(1341125274,32,1,0,0.33,0,'','',0,1,0,'Sender Cancelled',0,'2012-06-30 23:47:54','2012-06-30 23:48:04',1,'49.2831200','-123.1075570'),(1341125296,32,184,0,0.22,0,'','',0,1,0,'Sender Cancelled',0,'2012-06-30 23:48:16','2012-06-30 23:48:47',1,'0.0000000','0.0000000'),(1341125342,32,1,0,0.22,0,'','',0,1,0,'Sender Cancelled',0,'2012-06-30 23:49:02','2012-06-30 23:49:11',1,'49.2831200','-123.1075570'),(1341125601,33,1,0,0.55,0,'','',0,1,0,'Recepient Cancelled',0,'2012-06-30 23:53:20','2012-06-30 23:53:36',1,'45.5121210','-73.5527800'),(1341125649,34,1,0,0.56,0,'','',0,1,0,'Recepient Cancelled',0,'2012-06-30 23:54:08','2012-06-30 23:55:47',1,'49.2836240','-123.1050040'),(1341125744,35,1,0,1,0,'','',0,1,0,'Sender Cancelled',0,'2012-06-30 23:55:43','2012-06-30 23:56:23',1,'49.2836240','-123.1050040'),(1341125852,36,1,0,0.54,0,'','',0,1,0,'Recepient Cancelled',0,'2012-06-30 23:57:31','2012-06-30 23:57:54',1,'49.2836240','-123.1050040'),(1341125897,37,1,0,0.46,0,'','',0,1,0,'Sender Cancelled',0,'2012-06-30 23:58:17','2012-06-30 23:59:04',1,'49.2836240','-123.1050040'),(1341125956,37,1,0,0.34,0,'','',0,1,0,'Sender Cancelled',0,'2012-06-30 23:59:16','2012-06-30 23:59:31',1,'49.2836240','-123.1050040'),(1341125986,37,1,0,0.32,0,'','',0,1,0,'Sender Cancelled',0,'2012-06-30 23:59:45','2012-06-30 23:59:53',1,'49.2836240','-123.1050040'),(1341333322,31,112,0,0.35,0,'','',0,1,0,'Sender Cancelled',0,'2012-07-03 09:35:21','2012-07-03 09:35:43',1,'49.2646940','-123.0858470'),(1341431536,31,112,0,2.32,0,'','',0,1,0,'Recepient Cancelled',0,'2012-07-04 12:52:15','2012-07-04 12:52:37',1,'49.2835090','-123.1065560'),(1341441479,31,112,0,2.12,0,'','',0,1,0,'Sender Cancelled',0,'2012-07-04 15:37:58','2012-07-04 15:38:26',1,'0.0000000','0.0000000'),(1341606632,31,112,0,1.3,0,'','',0,1,0,'Recepient Cancelled',0,'2012-07-06 13:30:31','2012-07-06 13:32:27',1,'49.2828220','-123.1042050'),(1341689811,31,112,0,11.21,0,'','',0,1,0,'Recepient Cancelled',0,'2012-07-07 12:36:50','2012-07-07 12:37:21',1,'48.4128690','-123.3560520'),(1341689860,31,112,0,2.31,0,'','',0,1,0,'Recepient Cancelled',0,'2012-07-07 12:37:40','2012-07-07 12:38:20',1,'48.4128690','-123.3560520'),(1341862269,31,112,0,3.31,0,'','',0,1,0,'Sender Cancelled',0,'2012-07-09 12:31:08','2012-07-09 12:31:17',1,'49.2835570','-123.1065310'),(1341939619,19,189,0,0.33,0,'','',0,1,0,'Sender Cancelled',0,'2012-07-10 10:00:18','2012-07-10 10:00:27',1,'0.0000000','0.0000000'),(1341939665,19,219,0,0.33,0,'','',0,1,0,'Sender Cancelled',0,'2012-07-10 10:01:04','2012-07-10 10:01:28',1,'0.0000000','0.0000000'),(1341941940,19,219,0,0.43,0,'','',0,1,0,'Sender Cancelled',0,'2012-07-10 10:39:00','2012-07-10 10:39:05',1,'0.0000000','0.0000000'),(1342558469,31,112,0,1.21,0,'','',0,1,0,'Recepient Cancelled',0,'2012-07-17 13:54:29','2012-07-17 13:55:31',1,'49.2834610','-123.1065680'),(1342813788,31,112,0,12.49,0,'','',0,1,0,'Recepient Cancelled',0,'2012-07-20 12:49:47','2012-07-20 12:50:17',1,'49.2835300','-123.1065450'),(1343191124,31,112,0,9.38,0,'','',0,1,0,'Recepient Cancelled',0,'2012-07-24 21:38:43','2012-07-24 21:39:14',1,'49.2647390','-123.0859200'),(1343691498,31,112,0,2.32,0,'','',0,1,0,'Recepient Cancelled',0,'2012-07-30 16:38:17','2012-07-30 16:38:52',1,'49.2842250','-123.1071840'),(1343971951,31,112,0,2.32,0,'','',0,1,0,'Recepient Cancelled',0,'2012-08-02 22:32:31','2012-08-02 22:33:08',1,'49.2647010','-123.0858910'),(1344808280,29,112,0,2.15,0,'','',0,1,0,'Recepient Cancelled',0,'2012-08-12 14:51:19','2012-08-12 14:52:19',1,'49.2835940','-123.1064930'),(1344964861,31,112,0,10.2,0,'','',0,1,0,'Recepient Cancelled',0,'2012-08-14 10:21:00','2012-08-14 10:21:27',1,'49.2835720','-123.1065250'),(1344987190,31,112,0,4.33,0,'','',0,1,0,'Recepient Cancelled',0,'2012-08-14 16:33:10','2012-08-14 16:34:55',1,'49.2822730','-123.1042220'),(1346810349,31,112,0,5.54,0,'','',0,1,0,'Recepient Cancelled',0,'2012-09-04 18:59:08','2012-09-04 18:59:47',1,'49.2828640','-123.1080620'),(1347384825,31,112,0,2.12,0,'','',0,1,0,'Recepient Cancelled',0,'2012-09-11 10:33:44','2012-09-11 10:34:54',1,'49.2835270','-123.1061850'),(1347388959,31,112,0,3.44,0,'','',0,1,1,'Recepient Cancelled',0,'2012-09-11 11:42:38','2012-09-11 11:43:44',1,'49.2828190','-123.1041550'),(1347552616,31,112,0,1.21,0,'','',0,1,0,'Sender Cancelled',0,'2012-09-13 09:10:16','2012-09-13 09:10:33',1,'49.2648150','-123.0860030'),(1347670909,29,112,0,0.11,0,'','',0,1,0,'Sender Cancelled',0,'2012-09-14 18:01:48','2012-09-14 18:02:09',1,'49.2835470','-123.1065150'),(1347670957,31,112,0,0.12,0,'','',0,1,0,'Sender Cancelled',0,'2012-09-14 18:02:37','2012-09-14 18:02:44',1,'49.2835470','-123.1065150'),(1348693964,31,112,0,3.43,0,'','',0,1,0,'Recepient Cancelled',0,'2012-09-26 14:12:43','2012-09-26 14:13:33',1,'49.2648790','-123.0857760');
/*!40000 ALTER TABLE `request` ENABLE KEYS */;
UNLOCK TABLES;

--
-- Table structure for table `transaction`
--

DROP TABLE IF EXISTS `transaction`;
/*!40101 SET @saved_cs_client     = @@character_set_client */;
/*!40101 SET character_set_client = utf8 */;
CREATE TABLE `transaction` (
  `transaction_id` int(10) unsigned NOT NULL AUTO_INCREMENT,
  `merchant_id` int(10) unsigned NOT NULL DEFAULT '0',
  `user_id` int(10) unsigned NOT NULL DEFAULT '0',
  `account_id` int(10) unsigned NOT NULL DEFAULT '0',
  `transaction_amount` double unsigned NOT NULL DEFAULT '0',
  `transaction_tips` double unsigned NOT NULL DEFAULT '0',
  `transaction_merchant_note` varchar(255) NOT NULL DEFAULT '',
  `transaction_user_note` varchar(255) NOT NULL DEFAULT '',
  `transaction_paid` tinyint(1) unsigned NOT NULL DEFAULT '0',
  `transaction_cancelled` tinyint(1) unsigned NOT NULL DEFAULT '0',
  `transaction_flagged` tinyint(1) unsigned NOT NULL DEFAULT '0',
  `transaction_cancelled_reason` varchar(100) DEFAULT NULL,
  `transaction_deleted` tinyint(1) unsigned NOT NULL DEFAULT '0',
  `transaction_datetime_requested` datetime NOT NULL DEFAULT '0000-00-00 00:00:00',
  `transaction_datetime_paid` datetime NOT NULL DEFAULT '0000-00-00 00:00:00',
  `transaction_location` tinyint(1) unsigned DEFAULT '0',
  `transaction_latitude` decimal(10,7) DEFAULT NULL,
  `transaction_longitude` decimal(10,7) DEFAULT NULL,
  PRIMARY KEY (`transaction_id`),
  KEY `account_id` (`account_id`),
  KEY `merchant_id` (`merchant_id`),
  KEY `user_id` (`user_id`)
) ENGINE=MyISAM AUTO_INCREMENT=1347671769 DEFAULT CHARSET=utf8;
/*!40101 SET character_set_client = @saved_cs_client */;

--
-- Dumping data for table `transaction`
--

LOCK TABLES `transaction` WRITE;
/*!40000 ALTER TABLE `transaction` DISABLE KEYS */;
INSERT INTO `transaction` VALUES (1312606470,18,104,137,0.54,0,'','',1,0,0,'',0,'2011-08-05 21:54:29','2011-08-05 21:54:48',1,'0.0000000','0.0000000'),(1312661961,19,106,140,0.19,0,'','',1,0,0,'',0,'2011-08-06 13:19:20','2011-08-06 13:19:49',1,'49.2882220','-123.1325590'),(1312662535,1,106,140,1.28,0,'','',1,0,0,'',0,'2011-08-06 13:28:54','2011-08-06 13:30:09',1,'49.2833870','-123.1066350'),(1312685511,19,107,142,0.51,0,'','',1,0,0,'',0,'2011-08-06 19:51:51','2011-08-06 19:56:09',1,'49.2882030','-123.1324680'),(1312687724,19,107,142,0.28,0,'','',1,0,0,'',0,'2011-08-06 20:28:44','2011-08-06 20:29:06',1,'49.2881860','-123.1323930'),(1312688273,19,107,142,0.37,0,'','',1,0,0,'',0,'2011-08-06 20:37:53','2011-08-06 20:38:54',1,'49.2832790','-123.1044240'),(1312688454,19,107,142,0.4,0,'','',1,0,0,'',0,'2011-08-06 20:40:53','2011-08-06 20:42:32',1,'49.2832810','-123.1043260'),(1312688666,19,107,142,0.44,0,'','',1,0,0,'',0,'2011-08-06 20:44:25','2011-08-06 20:46:09',1,'49.2832700','-123.1045430'),(1312689120,1,107,142,0.51,0,'','',1,0,0,'',0,'2011-08-06 20:52:00','2011-08-06 20:52:19',1,'49.2832220','-123.1042190'),(1312690560,19,107,142,0.15,0,'','',1,0,0,'',0,'2011-08-06 21:15:59','2011-08-06 21:18:11',1,'49.2879100','-123.1323020'),(1312690850,19,107,142,0.2,0,'','',1,0,0,'',0,'2011-08-06 21:20:50','2011-08-06 21:21:09',1,'49.2879100','-123.1323020'),(1312692036,19,107,142,0.4,0,'','',1,0,0,'',0,'2011-08-06 21:40:35','2011-08-06 21:41:48',1,'49.2879100','-123.1323020'),(1312694630,17,107,142,0.23,0,'','',1,0,0,'',0,'2011-08-06 22:23:50','2011-08-06 22:24:10',1,'49.2646410','-123.0857490'),(1312698157,17,108,157,0.22,0,'','',1,0,0,'',0,'2011-08-06 23:22:36','2011-08-06 23:22:57',1,'49.2647020','-123.0858510'),(1312698237,17,107,142,0.23,0,'','',1,0,0,'',0,'2011-08-06 23:23:56','2011-08-06 23:24:21',1,'49.2645730','-123.0857130'),(1312698738,17,107,142,0.32,0,'','',1,0,0,'',0,'2011-08-06 23:32:17','2011-08-06 23:32:40',1,'49.2646870','-123.0856600'),(1312698845,17,108,157,0.34,0,'','',1,0,0,'',0,'2011-08-06 23:34:04','2011-08-06 23:35:40',1,'49.2647040','-123.0858610'),(1312698994,17,107,142,0.35,0,'','',1,0,0,'',0,'2011-08-06 23:36:33','2011-08-06 23:37:06',1,'49.2646260','-123.0858190'),(1312699095,17,107,142,0.37,0,'','',1,0,0,'',0,'2011-08-06 23:38:15','2011-08-06 23:38:30',1,'49.2647060','-123.0858400'),(1312700329,17,107,158,0.58,0,'','',1,0,0,'',0,'2011-08-06 23:58:49','2011-08-06 23:59:04',1,'49.2646200','-123.0858010'),(1312700671,17,107,158,0.04,0,'','',1,0,0,'',0,'2011-08-07 00:04:31','2011-08-07 00:05:25',1,'49.2645970','-123.0858480'),(1312700783,17,107,158,0.07,0,'','',1,0,0,'',0,'2011-08-07 00:06:22','2011-08-07 00:09:23',1,'49.2645870','-123.0858140'),(1312829412,18,107,158,0.49,0,'','',1,0,0,'',0,'2011-08-08 11:50:11','2011-08-08 11:50:50',1,'49.2819350','-123.1080170'),(1312850546,18,107,158,0.42,0,'','',1,0,0,'',0,'2011-08-08 17:42:25','2011-08-08 17:42:51',1,'49.2818980','-123.1080680'),(1312850681,18,107,158,0.44,0,'','',1,0,0,'',0,'2011-08-08 17:44:40','2011-08-08 17:45:47',1,'49.2818380','-123.1080560'),(1312851565,18,107,159,0.58,0,'','',1,0,0,'',0,'2011-08-08 17:59:25','2011-08-08 17:59:50',1,'49.2818130','-123.1080570'),(1312924130,1,108,157,2.08,0,'','',1,0,0,'',0,'2011-08-09 14:08:50','2011-08-09 14:09:23',1,'49.2833960','-123.1066100'),(1312924200,1,107,158,2.09,0,'','',1,0,0,'',0,'2011-08-09 14:10:00','2011-08-09 14:10:25',1,'49.2834620','-123.1065620'),(1312945627,19,107,159,0.07,0,'','',1,0,0,'',0,'2011-08-09 20:07:06','2011-08-09 20:07:30',1,'49.2879100','-123.1323020'),(1312946573,17,107,159,8.21,0,'','',1,0,0,'',0,'2011-08-09 20:22:53','2011-08-09 20:23:17',1,'49.2647600','-123.0858160'),(1312948876,19,1,160,0.02,0,'','',1,0,0,'',0,'2011-08-09 21:01:16','2011-08-09 21:06:31',1,'49.2879150','-123.1323010'),(1312949710,17,107,158,0.14,0,'','',1,0,0,'',0,'2011-08-09 21:15:10','2011-08-09 21:15:24',1,'49.2639870','-123.0856620'),(1312949825,17,107,158,0.17,0,'','',1,0,0,'',0,'2011-08-09 21:17:05','2011-08-09 21:17:25',1,'49.2647830','-123.0858350'),(1312950376,17,108,157,0.25,0,'','',1,0,0,'',0,'2011-08-09 21:26:16','2011-08-09 21:26:42',1,'49.2647470','-123.0858680'),(1312950879,19,1,160,0.34,0,'','Test',1,0,0,'',0,'2011-08-09 21:34:39','2011-08-09 21:34:53',1,'49.2879150','-123.1323010'),(1312954506,17,108,157,0.34,0,'','',1,0,0,'',0,'2011-08-09 22:35:05','2011-08-09 22:36:58',1,'49.2646910','-123.0858340'),(1312954707,17,108,157,0.38,0,'','',1,0,0,'',0,'2011-08-09 22:38:27','2011-08-09 22:39:22',1,'49.2647130','-123.0858260'),(1312954871,17,107,159,0.4,0,'','',1,0,0,'',0,'2011-08-09 22:41:11','2011-08-09 22:41:28',1,'49.2646490','-123.0858750'),(1312955122,17,107,159,0.44,0,'','',1,0,0,'',0,'2011-08-09 22:45:22','2011-08-09 22:45:54',1,'49.2649080','-123.0859310'),(1313085372,18,107,158,0.56,0,'','',1,0,0,'',0,'2011-08-11 10:56:12','2011-08-11 10:57:22',1,'49.2818410','-123.1080830'),(1313179097,2,108,157,0.58,0,'','',1,0,0,'',0,'2011-08-12 12:58:16','2011-08-12 12:59:15',1,'49.2671100','-123.0696100'),(1313265181,2,108,157,0.52,0,'','',1,0,0,'',0,'2011-08-13 12:53:01','2011-08-13 12:53:39',1,'49.2671090','-123.0696230'),(1313429350,2,107,159,4.32,0,'','',1,0,0,'',0,'2011-08-15 10:29:09','2011-08-15 10:30:17',1,'49.2670140','-123.0698330'),(1313435494,2,112,162,0.11,0,'','',1,0,1,'',0,'2011-08-15 12:11:34','2011-08-15 12:12:06',1,'49.2671030','-123.0696070'),(1313435725,2,113,163,0.15,0,'','Test',1,0,0,'',0,'2011-08-15 12:15:25','2011-08-15 12:15:48',1,'49.2671410','-123.0696470'),(1313435995,2,112,162,5.67,0,'','',1,0,0,'',0,'2011-08-15 12:19:54','2011-08-15 12:20:08',1,'49.2670650','-123.0695770'),(1313510282,2,114,164,3.15,0,'','',1,0,0,'',0,'2011-08-16 08:58:02','2011-08-16 08:58:27',1,'49.2670230','-123.0697050'),(1313525984,18,112,166,0.19,0,'','',1,0,0,'',0,'2011-08-16 13:19:43','2011-08-16 13:20:06',1,'49.2820060','-123.1079720'),(1313527432,18,112,166,0.43,0,'','',1,0,0,'',0,'2011-08-16 13:43:52','2011-08-16 13:44:09',1,'49.2820060','-123.1079720'),(1313532587,21,112,166,0.09,0,'','',1,0,0,'',0,'2011-08-16 15:09:47','2011-08-16 15:10:58',1,'49.2835010','-123.1043670'),(1313537835,18,112,166,4.37,0,'','',1,0,0,'',0,'2011-08-16 16:37:14','2011-08-16 16:38:11',1,'49.2819310','-123.1079980'),(1313702190,3,112,166,0.17,0,'','',1,0,0,'',0,'2011-08-18 14:16:30','2011-08-18 14:16:48',1,'49.2828590','-123.1044850'),(1313703114,3,117,170,3.21,0,'','',1,0,0,'',0,'2011-08-18 14:31:53','2011-08-18 14:32:47',1,'49.2828790','-123.1044370'),(1313705415,1,112,166,3.1,0,'','Test',1,0,0,'',0,'2011-08-18 15:10:15','2011-08-18 15:10:44',1,'49.2834030','-123.1065890'),(1314298762,2,112,162,0.59,0,'','',1,0,1,'',0,'2011-08-25 11:59:21','2011-08-25 12:00:23',1,'49.2671320','-123.0696580'),(1314647698,18,112,166,0.54,0,'','',1,0,0,'',0,'2011-08-29 12:54:58','2011-08-29 12:55:51',1,'49.2820890','-123.1079540'),(1314656448,18,112,166,0.2,0,'','',1,0,0,'',0,'2011-08-29 15:20:47','2011-08-29 15:21:10',1,'49.2820890','-123.1079540'),(1314657670,18,112,166,0.4,0,'','',1,0,0,'',0,'2011-08-29 15:41:09','2011-08-29 15:41:31',1,'49.2820700','-123.1078820'),(1314679273,17,112,166,0.41,0,'','',1,0,0,'',0,'2011-08-29 21:41:12','2011-08-29 21:41:27',1,'49.2649320','-123.0861190'),(1314739536,18,112,166,0.25,0,'','',1,0,0,'',0,'2011-08-30 14:25:35','2011-08-30 14:26:17',1,'49.2820370','-123.1079560'),(1314908996,21,112,166,0.29,0,'','',1,0,0,'',0,'2011-09-01 13:29:55','2011-09-01 13:30:42',1,'49.2834420','-123.1065750'),(1314984825,2,108,157,0.34,0,'','',1,0,1,'',0,'2011-09-02 10:33:45','2011-09-02 10:35:07',1,'49.2669820','-123.0696490'),(1315166069,17,108,157,0.54,0,'','',1,0,0,'',0,'2011-09-04 12:54:28','2011-09-04 12:55:12',1,'49.2646840','-123.0858870'),(1315173520,2,112,162,0.58,0,'','',1,0,0,'',0,'2011-09-04 14:58:40','2011-09-04 14:59:07',1,'49.2670010','-123.0698630'),(1315318319,2,112,162,0.11,0,'','',1,0,0,'',0,'2011-09-06 07:11:58','2011-09-06 07:14:01',1,'49.2669730','-123.0693540'),(1315318458,2,112,166,0.14,0,'','',1,0,1,'',0,'2011-09-06 07:14:17','2011-09-06 07:14:39',1,'49.2669730','-123.0693540'),(1315319143,2,112,166,0.25,0,'','',1,0,0,'',0,'2011-09-06 07:25:43','2011-09-06 07:26:47',1,'49.2669730','-123.0693540'),(1315494465,17,112,166,0.07,0,'','',1,0,0,'',0,'2011-09-08 08:07:45','2011-09-08 08:08:26',1,'49.2645750','-123.0861860'),(1315494527,17,112,166,0.08,0,'','',1,0,0,'',0,'2011-09-08 08:08:46','2011-09-08 08:09:09',1,'49.2645750','-123.0861860'),(1315595452,1,112,166,0.1,0,'','',1,0,0,'',0,'2011-09-09 12:10:51','2011-09-09 12:11:18',1,'49.2833690','-123.1066160'),(1316753540,17,108,157,0.52,0,'','',1,0,0,'',0,'2011-09-22 21:52:19','2011-09-22 21:53:02',1,'49.2646800','-123.0858800'),(1316980946,17,112,166,0.02,0,'','',1,0,0,'',0,'2011-09-25 13:02:26','2011-09-25 13:03:42',1,'49.2646720','-123.0859550'),(1317016506,17,112,166,0.54,0,'','',1,0,0,'',0,'2011-09-25 22:55:05','2011-09-25 22:57:23',1,'49.2646930','-123.0858230'),(1317057501,3,112,166,0.18,0,'','',1,0,0,'',0,'2011-09-26 10:18:20','2011-09-26 10:19:48',1,'49.2828710','-123.1042550'),(1317153012,1,112,166,0.5,0,'','',1,0,0,'',0,'2011-09-27 12:50:12','2011-09-27 12:51:20',1,'49.2834070','-123.1065820'),(1317344958,1,112,166,0.09,0,'','',1,0,0,'',0,'2011-09-29 18:09:17','2011-09-29 18:10:05',1,'49.2833790','-123.1066040'),(1317415811,1,112,166,0.5,0,'','',1,0,0,'',0,'2011-09-30 13:50:10','2011-09-30 13:51:43',1,'49.2833870','-123.1066050'),(1317751705,3,112,166,0.07,0,'','',1,0,0,'',0,'2011-10-04 11:08:24','2011-10-04 11:09:26',1,'49.2828310','-123.1040540'),(1318344324,2,112,162,0.45,0,'','',1,0,0,'',0,'2011-10-11 07:45:24','2011-10-11 07:45:57',1,'49.2671960','-123.0695580'),(1318349147,2,112,162,0.05,0,'','',1,0,0,'',0,'2011-10-11 09:05:47','2011-10-11 09:06:59',1,'49.2670500','-123.0696860'),(1318546090,3,112,166,0.48,0,'','',1,0,0,'',0,'2011-10-13 15:48:10','2011-10-13 15:48:54',1,'49.2828790','-123.1043900'),(1318630729,1,112,166,0.18,0,'','',1,0,0,'',0,'2011-10-14 15:18:48','2011-10-14 15:20:01',1,'49.2834410','-123.1065790'),(1318740957,17,112,166,0.55,0,'','',1,0,0,'',0,'2011-10-15 21:55:56','2011-10-15 21:56:16',1,'49.2647030','-123.0858366'),(1318743842,17,112,166,0.44,0,'','',1,0,0,'',0,'2011-10-15 22:44:02','2011-10-15 22:44:28',1,'0.0000000','0.0000000'),(1318744037,17,112,166,0.47,0,'','',1,0,0,'',0,'2011-10-15 22:47:16','2011-10-15 22:50:20',1,'49.2645437','-123.0859682'),(1318863120,2,112,162,2.7,0,'','',1,0,0,'',0,'2011-10-17 07:52:00','2011-10-17 07:53:07',1,'49.2670210','-123.0696760'),(1318864671,2,138,191,6.62,0,'','Coffee and juice',1,0,0,'',0,'2011-10-17 08:17:50','2011-10-17 08:19:03',1,'49.2671240','-123.0696140'),(1318867485,2,137,190,5.84,0,'','',1,0,0,'',0,'2011-10-17 09:04:44','2011-10-17 09:05:20',1,'49.2671670','-123.0696050'),(1318894388,2,112,162,2.7,0,'','',1,0,0,'',0,'2011-10-17 16:33:07','2011-10-17 16:33:39',1,'49.2670650','-123.0696420'),(1318952273,2,137,190,2.97,0,'','',1,0,0,'',0,'2011-10-18 08:37:53','2011-10-18 08:38:46',1,'49.2670680','-123.0696270'),(1319040853,2,141,194,3.8,0,'','',1,0,0,'',0,'2011-10-19 09:14:12','2011-10-19 09:14:52',1,'49.2669540','-123.0696220'),(1319123179,2,138,191,6.62,0,'','',1,0,0,'',0,'2011-10-20 08:06:19','2011-10-20 08:06:42',1,'49.2670660','-123.0696440'),(1319129174,2,137,190,10.11,0,'','',1,0,0,'',0,'2011-10-20 09:46:14','2011-10-20 09:46:38',1,'49.2672480','-123.0694510'),(1319135531,2,112,162,4.24,0,'','',1,0,0,'',0,'2011-10-20 11:32:10','2011-10-20 11:32:39',1,'49.2670990','-123.0696220'),(1319305656,2,112,166,3.18,0,'','',1,0,0,'',0,'2011-10-22 10:47:35','2011-10-22 10:47:54',1,'49.2671020','-123.0695800'),(1319467142,2,138,191,5.4,0,'','',1,0,0,'',0,'2011-10-24 07:39:01','2011-10-24 07:39:21',1,'49.2670280','-123.0696490'),(1320099224,2,112,166,0.13,0,'','',1,0,0,'',0,'2011-10-31 15:13:44','2011-10-31 15:14:36',1,'49.2671320','-123.0695560'),(1320104170,2,112,162,0.36,0,'','',1,0,0,'',0,'2011-10-31 16:36:09','2011-10-31 16:36:28',1,'49.2671410','-123.0696140'),(1320104205,2,112,162,0.37,0,'','',1,0,0,'',0,'2011-10-31 16:36:44','2011-10-31 16:37:01',1,'49.2671410','-123.0696140'),(1320454895,1,112,166,0.01,0,'','',1,0,0,'',0,'2011-11-04 18:01:34','2011-11-04 18:02:22',1,'49.2834770','-123.1063490'),(1323072203,17,112,166,0.03,0,'','',1,0,0,'',0,'2011-12-05 00:03:23','2011-12-05 00:03:56',1,'49.2647610','-123.0858930'),(1323272087,2,112,166,2.7,0,'','',1,0,0,'',0,'2011-12-07 07:34:46','2011-12-07 07:35:16',1,'49.2670780','-123.0696250'),(1324397043,2,112,162,1.89,0,'','',1,0,0,'',0,'2011-12-20 08:04:02','2011-12-20 08:04:23',1,'49.2670200','-123.0703490'),(1324417681,2,112,162,2.7,0,'','',1,0,0,'',0,'2011-12-20 13:48:00','2011-12-20 13:48:52',1,'49.2671990','-123.0696070'),(1324588749,2,143,196,5.6,0,'','',1,0,0,'',0,'2011-12-22 13:19:09','2011-12-22 13:19:28',1,'49.2669710','-123.0696380'),(1324654285,2,159,213,2.63,0,'','',1,0,0,'',0,'2011-12-23 07:31:24','2011-12-23 07:31:50',1,'49.2668010','-123.0700190'),(1324657787,2,144,198,5.85,0,'','',1,0,0,'',0,'2011-12-23 08:29:47','2011-12-23 08:30:28',1,'49.2670920','-123.0698700'),(1324660319,2,152,206,2.7,0,'','',1,0,0,'',0,'2011-12-23 09:11:59','2011-12-23 09:12:18',1,'49.2671260','-123.0695850'),(1324748023,2,152,206,5.4,0,'','',1,0,0,'',0,'2011-12-24 09:33:43','2011-12-24 09:34:05',1,'49.2671420','-123.0695390'),(1324752158,2,112,162,4.28,0,'','',1,0,0,'',0,'2011-12-24 10:42:37','2011-12-24 10:42:51',1,'49.2670890','-123.0696150'),(1324781881,17,112,166,4.33,0,'','',1,0,0,'',0,'2011-12-24 18:58:01','2011-12-24 18:58:44',1,'49.2646940','-123.0857330'),(1325008396,2,138,191,5.85,0,'','',1,0,0,'',0,'2011-12-27 09:53:16','2011-12-27 09:53:36',1,'49.2671090','-123.0695850'),(1325024306,2,112,162,1.89,0,'','',1,0,0,'',0,'2011-12-27 14:18:26','2011-12-27 14:18:47',1,'49.2670980','-123.0695690'),(1325106708,2,155,209,3.73,0,'','',1,0,0,'',0,'2011-12-28 13:11:47','2011-12-28 13:11:58',1,'49.2671540','-123.0695950'),(1325107157,2,112,166,2.97,0,'','',1,0,0,'',0,'2011-12-28 13:19:16','2011-12-28 13:19:40',1,'49.2670300','-123.0695610'),(1325109436,2,112,166,3.96,0,'','',1,0,0,'',0,'2011-12-28 13:57:16','2011-12-28 13:57:39',1,'49.2670930','-123.0696590'),(1327446107,23,112,165,0.01,0,'','',1,0,0,'',0,'2012-01-24 15:01:46','2012-01-24 15:02:25',1,'49.2733890','-123.1231440'),(1327969844,25,112,166,0.3,0,'','',1,0,0,'',0,'2012-01-30 16:30:43','2012-01-30 16:31:48',1,'49.2835560','-123.1065160'),(1327970680,25,112,166,0.44,0,'','',1,0,0,'',0,'2012-01-30 16:44:39','2012-01-30 16:45:06',1,'49.2832240','-123.1029140'),(1328051196,18,112,166,5.67,0,'','',1,0,0,'',0,'2012-01-31 15:06:35','2012-01-31 15:07:26',1,'49.2822290','-123.1074250'),(1328752874,1,112,166,0.33,0,'','',1,0,0,'',0,'2012-02-08 18:01:14','2012-02-08 18:01:55',1,'49.2834690','-123.1065340'),(1331129418,1,112,166,0.11,0,'','',1,0,0,'',0,'2012-03-07 06:10:17','2012-03-07 06:10:35',1,'45.5121330','-73.5688350'),(1331134759,1,112,166,0.11,0,'','',1,0,0,'',0,'2012-03-07 07:39:18','2012-03-07 07:40:17',1,'45.5121710','-73.5688450'),(1331139277,1,112,166,0.56,0,'','',1,0,0,'',0,'2012-03-07 08:54:36','2012-03-07 08:54:52',1,'45.5121100','-73.5687980'),(1331140180,1,112,166,0.56,0,'','',1,0,0,'',0,'2012-03-07 09:09:39','2012-03-07 09:10:09',1,'45.5120610','-73.5688210'),(1331140805,1,112,166,0.85,0,'','',1,0,0,'',0,'2012-03-07 09:20:04','2012-03-07 09:21:55',1,'45.5121010','-73.5687450'),(1331147449,1,112,166,0.36,0,'','',1,0,0,'',0,'2012-03-07 11:10:49','2012-03-07 11:11:57',1,'45.5121310','-73.5689150'),(1331148949,1,112,166,0.65,0,'','',1,0,0,'',0,'2012-03-07 11:35:49','2012-03-07 11:36:09',1,'45.5128820','-73.5697760'),(1331150681,1,112,166,0.67,0,'','',1,0,0,'',0,'2012-03-07 12:04:40','2012-03-07 12:05:01',1,'45.5121250','-73.5688180'),(1331150767,1,112,166,0.43,0,'','',1,0,0,'',0,'2012-03-07 12:06:06','2012-03-07 12:06:40',1,'45.5121250','-73.5688180'),(1331153490,1,112,166,0.34,0,'','',1,0,0,'',0,'2012-03-07 12:51:30','2012-03-07 12:52:10',1,'45.5121050','-73.5688560'),(1331155894,1,112,166,0.45,0,'','',1,0,0,'',0,'2012-03-07 13:31:33','2012-03-07 13:32:05',1,'45.5121510','-73.5688050'),(1331157800,1,112,166,0.99,0,'','',1,0,0,'',0,'2012-03-07 14:03:20','2012-03-07 14:05:06',1,'45.5121160','-73.5689110'),(1331577587,1,112,166,0.55,0,'','',1,0,0,'',0,'2012-03-12 11:39:47','2012-03-12 11:41:39',1,'45.5116640','-73.5702180'),(1331738296,1,112,166,0.33,0,'','',1,0,0,'',0,'2012-03-14 08:18:15','2012-03-14 08:20:21',1,'45.5118010','-73.5696910'),(1331751054,1,112,166,0.36,0,'','',1,0,0,'',0,'2012-03-14 11:50:53','2012-03-14 11:51:07',1,'45.5120260','-73.5698130'),(1332512388,1,112,166,0.57,0,'','',1,0,0,'',0,'2012-03-23 07:19:47','2012-03-23 07:21:25',1,'45.5118290','-73.5695640'),(1332512597,1,112,166,0.85,0,'','',1,0,0,'',0,'2012-03-23 07:23:17','2012-03-23 07:23:33',1,'45.5118290','-73.5695640'),(1332516855,1,112,166,0.33,0,'','',1,0,0,'',0,'2012-03-23 08:34:14','2012-03-23 08:34:48',1,'45.5119680','-73.5698070'),(1332517454,1,112,166,0.34,0,'','',1,0,0,'',0,'2012-03-23 08:44:14','2012-03-23 08:46:13',1,'45.5119790','-73.5698140'),(1332942579,1,112,166,0.55,0,'','',1,0,0,'',0,'2012-03-28 06:49:39','2012-03-28 06:50:07',1,'45.5021940','-73.5685010'),(1332959935,1,112,166,0.57,0,'','',1,0,0,'',0,'2012-03-28 11:38:55','2012-03-28 11:39:23',1,'45.5051920','-73.5716440'),(1333034611,1,112,166,0.15,0,'','',1,0,0,'',0,'2012-03-29 08:23:30','2012-03-29 08:25:38',1,'45.5175410','-73.5806020'),(1333052455,1,112,166,0.55,0,'','',1,0,0,'',0,'2012-03-29 13:20:55','2012-03-29 13:23:24',1,'45.5131520','-73.5709110'),(1333135165,1,112,166,0.65,0,'','',1,0,0,'',0,'2012-03-30 12:19:25','2012-03-30 12:19:59',1,'45.5121000','-73.5694050'),(1333456547,1,112,166,0.45,0,'','',1,0,0,'',0,'2012-04-03 05:35:46','2012-04-03 05:36:21',1,'45.5120030','-73.5700940'),(1333484328,22,112,166,0.67,0,'','',1,0,0,'',0,'2012-04-03 13:18:47','2012-04-03 13:19:23',1,'45.4695560','-73.5391020'),(1333552745,22,112,166,0.46,0,'','',1,0,0,'',0,'2012-04-04 08:19:05','2012-04-04 08:19:31',1,'45.4997280','-73.5772120'),(1333564858,23,112,166,0.55,0,'','',1,0,0,'',0,'2012-04-04 11:40:57','2012-04-04 11:42:12',1,'45.5086330','-73.5718860'),(1333573176,1,112,166,0.23,0,'','',1,0,0,'',0,'2012-04-04 13:59:36','2012-04-04 14:00:15',1,'45.5121330','-73.5697830'),(1333636863,1,1,160,0.34,0,'','Test',1,0,0,'',0,'2012-04-05 07:41:02','2012-04-05 07:41:17',1,'45.5120079','-73.5698785'),(1333650012,1,112,166,0.35,0,'','',1,0,0,'',0,'2012-04-05 11:20:11','2012-04-05 11:20:51',1,'45.4970980','-73.5777930'),(1334433916,19,1,228,0.45,0,'','',1,0,0,'',0,'2012-04-14 13:05:16','2012-04-14 13:05:36',1,'45.5203890','-73.5839590'),(1334434601,19,1,228,0.65,0,'','',1,0,0,'',0,'2012-04-14 13:16:41','2012-04-14 13:17:21',1,'45.5204380','-73.5839510'),(1334435003,19,1,228,0.33,0,'','',1,0,0,'',0,'2012-04-14 13:23:23','2012-04-14 13:24:04',1,'45.5203735','-73.5839463'),(1334435115,19,1,228,0.34,0,'','',1,0,0,'',0,'2012-04-14 13:25:14','2012-04-14 13:25:38',1,'45.5203789','-73.5839573'),(1334435153,19,1,228,0.78,0,'','',1,0,0,'',0,'2012-04-14 13:25:52','2012-04-14 13:26:07',1,'45.5203789','-73.5839573'),(1334447790,19,1,228,0.67,0,'','',1,0,0,'',0,'2012-04-14 16:56:29','2012-04-14 17:14:12',1,'45.5203919','-73.5839529'),(1334449027,19,1,228,0.46,0,'','',1,0,0,'',0,'2012-04-14 17:17:07','2012-04-14 17:17:23',1,'45.5203770','-73.5839512'),(1334449120,19,1,228,0.56,0,'','',1,0,0,'',0,'2012-04-14 17:18:39','2012-04-14 17:18:56',1,'45.5200640','-73.5836840'),(1334449297,19,1,228,0.78,0,'','',1,0,0,'',0,'2012-04-14 17:21:37','2012-04-14 17:22:04',1,'45.5200640','-73.5836840'),(1334449455,19,1,228,0.44,0,'','',1,0,0,'',0,'2012-04-14 17:24:15','2012-04-14 17:24:37',1,'45.5200640','-73.5836840'),(1334450359,2,112,229,0.39,0,'','Fuck Yeah!',1,0,0,'',0,'2012-04-14 17:39:18','2012-04-14 17:39:48',1,'45.5161730','-73.5691700'),(1334507286,19,1,228,0.47,0,'','',1,0,0,'',0,'2012-04-15 09:28:05','2012-04-15 09:31:54',1,'45.5203765','-73.5839537'),(1334507558,19,1,228,0.87,0,'','',1,0,0,'',0,'2012-04-15 09:32:37','2012-04-15 09:32:53',1,'45.5203748','-73.5839496'),(1334510065,19,1,228,0.76,0,'','dddd',1,0,0,'',0,'2012-04-15 10:14:25','2012-04-15 10:14:50',1,'45.5203770','-73.5839370'),(1334510116,19,1,228,0.45,0,'AP-0BX09306YJ693260S','eee',1,0,0,'',0,'2012-04-15 10:15:16','2012-04-15 10:15:41',1,'45.5203770','-73.5839370'),(1334591919,1,112,166,0.58,0,'','',1,0,0,'',0,'2012-04-16 08:58:39','2012-04-16 08:59:58',1,'45.5118458','-73.5706848'),(1334596989,1,112,229,0.23,0,'AP-0H663892M8831425F','Fuck Yeah!',1,0,0,'',0,'2012-04-16 10:23:09','2012-04-16 10:23:24',1,'45.5119600','-73.5698440'),(1334613465,1,1,228,0.55,0,'AP-8G715814K75256325','',1,0,0,'',0,'2012-04-16 14:57:44','2012-04-16 14:58:05',1,'45.5119110','-73.5698710'),(1334614496,1,1,228,0.44,0,'AP-808950201X0459520','',1,0,0,'',0,'2012-04-16 15:14:56','2012-04-16 15:15:19',1,'45.5119110','-73.5698710'),(1334762752,1,112,229,0.25,0,'AP-26V98168HU682002R','',1,0,0,'',0,'2012-04-18 08:25:51','2012-04-18 08:26:17',1,'45.5120170','-73.5699510'),(1334762980,1,112,229,0.35,0,'AP-4LW66285YX3958053','Test w david',1,0,0,'',0,'2012-04-18 08:29:40','2012-04-18 08:30:19',1,'45.5119690','-73.5700010'),(1334788375,1,112,229,0.32,0,'AP-9GL94404W56825010','',1,0,0,'',0,'2012-04-18 15:32:55','2012-04-18 15:33:21',1,'45.5120630','-73.5698270'),(1334788512,1,112,166,0.35,0,'','',1,0,0,'',0,'2012-04-18 15:35:12','2012-04-18 15:35:42',1,'45.5120630','-73.5698270'),(1334866018,27,112,229,0.06,0,'AP-61337022E0773534G','',1,0,0,'',0,'2012-04-19 13:06:58','2012-04-19 13:08:42',1,'45.4843600','-73.6287070'),(1334933829,1,179,237,0.77,0,'AP-4T769721DU628393V','',1,0,0,'',0,'2012-04-20 07:57:09','2012-04-20 07:57:33',1,'45.5121980','-73.5697340'),(1334934313,1,112,229,1,0,'AP-6W9955511F1573746','',1,0,0,'',0,'2012-04-20 08:05:12','2012-04-20 08:05:53',1,'45.5124290','-73.5698600'),(1334940993,1,179,237,1,0,'AP-02R97469FN302011X','',1,0,0,'',0,'2012-04-20 09:56:32','2012-04-20 09:57:15',1,'45.5121980','-73.5697340'),(1334943964,1,112,229,0.45,0,'AP-1TF50561A91367300','',1,0,0,'',0,'2012-04-20 10:46:04','2012-04-20 10:46:46',1,'45.5121360','-73.5698850'),(1334948530,1,112,166,0.02,0,'','',1,0,0,'',0,'2012-04-20 12:02:10','2012-04-20 12:03:36',1,'45.5122130','-73.5697760'),(1334955223,1,112,166,0.53,0,'','',1,0,0,'',0,'2012-04-20 13:53:42','2012-04-20 13:54:26',1,'45.5119810','-73.5703640'),(1334957097,1,112,229,0.24,0,'AP-94D29743CC416510U','',1,0,0,'',0,'2012-04-20 14:24:56','2012-04-20 14:25:27',1,'45.5118940','-73.5702540'),(1334957153,1,112,229,0.25,0,'AP-82C56046WR268391D','',1,0,0,'',0,'2012-04-20 14:25:53','2012-04-20 14:26:12',1,'45.5118710','-73.5695890'),(1334957608,1,112,229,0.25,0,'AP-0LU427691R0774612','',1,0,0,'',0,'2012-04-20 14:33:27','2012-04-20 14:33:48',1,'45.5119020','-73.5699310'),(1335210332,1,112,166,0.45,0,'','',1,0,0,'',0,'2012-04-23 12:45:31','2012-04-23 12:46:08',1,'45.5119990','-73.5698760'),(1335218216,26,183,245,0.02,0,'','Test annotation',1,0,0,'',0,'2012-04-23 14:56:56','2012-04-23 14:57:28',1,'45.4830304','-73.6163703'),(1335221219,26,183,244,0.02,0,'AP-2EU00026U3544370T','',1,0,0,'',0,'2012-04-23 15:46:59','2012-04-23 15:47:48',1,'45.4830889','-73.6163972'),(1335237061,19,1,228,0.22,0,'AP-4DU96394WJ0830806','',1,0,0,'',0,'2012-04-23 20:11:00','2012-04-23 20:11:19',1,'45.5203545','-73.5839114'),(1335237207,19,1,228,0.34,0,'AP-1U0500640E4353530','',1,0,0,'',0,'2012-04-23 20:13:27','2012-04-23 20:16:50',1,'45.5203547','-73.5839146'),(1335240709,26,183,245,0.02,0,'','',1,0,0,'',0,'2012-04-23 21:11:49','2012-04-23 21:12:09',1,'45.4830520','-73.6163970'),(1335240762,26,183,244,0.02,0,'AP-8WT435099M599042D','',1,0,0,'',0,'2012-04-23 21:12:41','2012-04-23 21:14:06',1,'45.4830310','-73.6163730'),(1335240900,26,183,245,0.02,0,'','',1,0,0,'',0,'2012-04-23 21:15:00','2012-04-23 21:15:13',1,'45.4830310','-73.6163730'),(1335263850,2,112,166,8.25,0,'','',1,0,0,'',0,'2012-04-24 03:37:29','2012-04-24 03:38:23',1,'45.5161460','-73.5691580'),(1335290647,26,183,245,0.02,0,'','',1,0,0,'',0,'2012-04-24 11:04:06','2012-04-24 11:04:43',1,'45.4832780','-73.6163210'),(1335290746,26,183,244,0.02,0,'AP-1MY41044170037823','',1,0,0,'',0,'2012-04-24 11:05:45','2012-04-24 11:06:15',1,'45.4832780','-73.6163210'),(1335305716,26,183,245,0.02,0,'','',1,0,0,'',0,'2012-04-24 15:15:16','2012-04-24 15:17:11',1,'45.4833790','-73.6161020'),(1335308235,1,112,166,1.57,0,'','Make notes on your receipts!',1,0,0,'',0,'2012-04-24 15:57:15','2012-04-24 15:57:28',1,'45.5118470','-73.5697070'),(1335309210,1,178,268,0.13,0,'AP-39F729427H675552X','',1,0,0,'',0,'2012-04-24 16:13:30','2012-04-24 16:13:44',1,'45.5112130','-73.5689160'),(1335309620,1,178,268,12.34,0,'AP-1GN835174X281013D','',1,0,0,'',0,'2012-04-24 16:20:20','2012-04-24 16:20:43',1,'45.5112130','-73.5689160'),(1335323407,26,183,245,0.02,0,'','',1,0,0,'',0,'2012-04-24 20:10:06','2012-04-24 20:11:26',1,'45.4831390','-73.6164348'),(1335323540,26,183,245,0.01,0,'','',1,0,0,'',0,'2012-04-24 20:12:20','2012-04-24 20:13:20',1,'45.4831354','-73.6163649'),(1335379042,1,1,228,0.33,0,'AP-1N055630K06520828','',1,0,0,'',0,'2012-04-25 11:37:21','2012-04-25 11:43:19',1,'45.5120317','-73.5697117'),(1335399547,26,183,245,0.02,0,'','',1,0,0,'',0,'2012-04-25 17:19:07','2012-04-25 17:20:17',1,'45.4833790','-73.6161020'),(1335496149,26,183,244,0.02,0,'AP-6KY33411CT6822103','',1,0,0,'',0,'2012-04-26 20:09:09','2012-04-26 20:09:37',1,'45.4831980','-73.6165180'),(1335559406,1,112,166,0.43,0,'','',1,0,0,'',0,'2012-04-27 13:43:25','2012-04-27 13:44:10',1,'45.5120200','-73.5699130'),(1335719338,2,112,166,0.08,0,'','',1,0,0,'',0,'2012-04-29 10:08:57','2012-04-29 10:09:32',1,'45.5161060','-73.5692280'),(1335739113,2,112,166,0.38,0,'','',1,0,0,'',0,'2012-04-29 15:38:33','2012-04-29 15:38:52',1,'45.5159840','-73.5693390'),(1335739196,2,112,166,0.39,0,'','',1,0,0,'',0,'2012-04-29 15:39:55','2012-04-29 15:40:16',1,'45.5160550','-73.5693700'),(1335801108,1,1,228,0.45,0,'AP-9YR97038W13742215','',1,0,0,'',0,'2012-04-30 08:51:48','2012-04-30 08:52:20',1,'45.5119040','-73.5697100'),(1335801160,1,1,160,0.22,0,'','Cool\n',1,0,0,'',0,'2012-04-30 08:52:40','2012-04-30 08:52:59',1,'45.5119040','-73.5697100'),(1335807702,1,1,160,0.55,0,'','',1,0,0,'',0,'2012-04-30 10:41:41','2012-04-30 10:45:31',1,'45.5120020','-73.5698260'),(1335808042,1,1,160,0.33,0,'','',1,0,0,'',0,'2012-04-30 10:47:22','2012-04-30 10:47:41',1,'45.5120020','-73.5698260'),(1335808307,1,1,160,0.34,0,'$merchant_accuracy: 300','',1,0,0,'',0,'2012-04-30 10:51:46','2012-04-30 10:52:05',1,'45.5120230','-73.5697980'),(1335808505,1,1,160,0.33,0,'$merchant_accuracy: 301','',1,0,0,'',0,'2012-04-30 10:55:04','2012-04-30 10:55:24',1,'45.5120230','-73.5697980'),(1335901830,17,1,160,0.5,0,'','',1,0,0,'',0,'2012-05-01 12:50:29','2012-05-01 12:50:57',1,'45.5118970','-73.5698810'),(1335902063,1,112,166,0.54,0,'','',1,0,0,'',0,'2012-05-01 12:54:22','2012-05-01 12:55:47',1,'45.5119460','-73.5695460'),(1335903746,1,112,166,0.22,0,'','',1,0,0,'',0,'2012-05-01 13:22:26','2012-05-01 13:22:54',1,'45.5119460','-73.5699030'),(1336006835,26,183,244,0.02,0,'AP-5JS69258SX816391E','',1,0,0,'',0,'2012-05-02 18:00:35','2012-05-02 18:01:35',1,'34.1005580','-118.2525440'),(1336006965,26,183,245,0.02,0,'','',1,0,0,'',0,'2012-05-02 18:02:44','2012-05-02 18:04:06',1,'34.1005580','-118.2525440'),(1336063291,19,178,268,0.67,0,'AP-4EM966417F8326318','',1,0,0,'',0,'2012-05-03 09:41:31','2012-05-03 09:42:02',1,'45.5205430','-73.5840680'),(1336104229,2,112,166,0.03,0,'','',1,0,0,'',0,'2012-05-03 21:03:48','2012-05-03 21:04:52',1,'45.5163020','-73.5694410'),(1336160484,28,201,273,0.35,0,'','',1,0,0,'',0,'2012-05-04 12:41:23','2012-05-04 12:48:12',1,'45.5120260','-73.5700990'),(1336333675,19,1,160,0.66,0,'','',1,0,0,'',0,'2012-05-06 12:47:54','2012-05-06 12:48:08',1,'45.5203599','-73.5839513'),(1336353823,17,112,166,0.23,0,'','',1,0,0,'',0,'2012-05-06 18:23:42','2012-05-06 18:25:21',1,'45.5161160','-73.5692460'),(1336354930,2,112,166,0.42,0,'','',1,0,0,'',0,'2012-05-06 18:42:09','2012-05-06 18:42:58',1,'45.5161500','-73.5690970'),(1336355242,17,112,166,0.47,0,'','',1,0,0,'',0,'2012-05-06 18:47:22','2012-05-06 18:49:43',1,'45.5160940','-73.5692340'),(1336405211,17,112,166,0.4,0,'','',1,0,0,'',0,'2012-05-07 08:40:11','2012-05-07 08:40:36',1,'45.5010300','-73.5655990'),(1336408057,17,112,166,0.27,0,'','',1,0,0,'',0,'2012-05-07 09:27:36','2012-05-07 09:28:08',1,'45.5009470','-73.5675520'),(1336408147,17,112,166,0.28,0,'','',1,0,0,'',0,'2012-05-07 09:29:07','2012-05-07 09:29:48',1,'45.5008160','-73.5673700'),(1336487204,26,183,245,0.02,0,'','',1,0,0,'',0,'2012-05-08 07:26:44','2012-05-08 07:27:09',1,'45.4831540','-73.6163840'),(1336578514,23,112,166,0.48,0,'','',1,0,0,'',0,'2012-05-09 08:48:34','2012-05-09 08:49:16',1,'45.5086230','-73.5718300'),(1336579180,23,218,291,0.59,0,'','',1,0,0,'',0,'2012-05-09 08:59:40','2012-05-09 09:00:07',1,'45.5086020','-73.5718090'),(1336580607,23,218,291,2,0,'','',1,0,0,'',0,'2012-05-09 09:23:26','2012-05-09 09:24:04',1,'45.5086220','-73.5718580'),(1336600069,1,112,166,0.47,0,'','',1,0,0,'',0,'2012-05-09 14:47:49','2012-05-09 14:48:02',1,'45.5119090','-73.5698770'),(1336600155,1,112,166,0.49,0,'','',1,0,0,'',0,'2012-05-09 14:49:14','2012-05-09 14:49:32',1,'45.5119490','-73.5698700'),(1336600274,1,112,166,0.51,0,'','',1,0,0,'',0,'2012-05-09 14:51:14','2012-05-09 14:51:30',1,'45.5119490','-73.5698700'),(1336600430,1,112,166,0.34,0,'','',1,0,0,'',0,'2012-05-09 14:53:49','2012-05-09 14:54:08',1,'45.5119260','-73.5698720'),(1336600443,1,1,292,0.44,0,'','Coffee',1,0,0,'',0,'2012-05-09 14:54:02','2012-05-09 14:54:24',1,'45.5120380','-73.5697190'),(1336601816,1,201,273,0.23,0,'','',1,0,0,'',0,'2012-05-09 15:16:56','2012-05-09 15:17:12',1,'45.5118620','-73.5699330'),(1336601868,1,201,273,0.23,0,'','',1,0,0,'',0,'2012-05-09 15:17:47','2012-05-09 15:17:56',1,'45.5118620','-73.5699330'),(1336673607,1,112,166,0.13,0,'','',1,0,0,'',0,'2012-05-10 11:13:26','2012-05-10 11:13:37',1,'45.5120120','-73.5698490'),(1336676964,26,183,245,0.02,0,'','',1,0,0,'',0,'2012-05-10 12:09:23','2012-05-10 12:12:20',1,'45.4833940','-73.6165520'),(1336677197,26,183,245,0.02,0,'','',1,0,0,'',0,'2012-05-10 12:13:17','2012-05-10 12:14:42',1,'45.4833940','-73.6165520'),(1336677304,26,183,245,0.02,0,'','',1,0,0,'',0,'2012-05-10 12:15:03','2012-05-10 12:15:18',1,'45.4833940','-73.6165520'),(1336677417,26,183,245,0.02,0,'','',1,0,0,'',0,'2012-05-10 12:16:56','2012-05-10 12:17:10',1,'45.4833940','-73.6165520'),(1336678868,1,112,166,0.41,0,'','',1,0,0,'',0,'2012-05-10 12:41:07','2012-05-10 12:41:56',1,'45.5118660','-73.5702030'),(1336683832,26,183,245,0.04,0,'','',1,0,0,'',0,'2012-05-10 14:03:51','2012-05-10 14:04:10',1,'34.0338840','-118.2397130'),(1336685266,26,112,166,0.27,0,'','',1,0,0,'',0,'2012-05-10 14:27:46','2012-05-10 14:28:17',1,'45.5119780','-73.5701910'),(1336685348,1,112,166,0.29,0,'','',1,0,0,'',0,'2012-05-10 14:29:07','2012-05-10 14:29:35',1,'45.5118930','-73.5702840'),(1336685674,26,183,245,0.02,0,'','',1,0,0,'',0,'2012-05-10 14:34:33','2012-05-10 14:34:47',1,'34.1614860','-118.3704640'),(1336685748,26,183,245,0.04,0,'','',1,0,0,'',0,'2012-05-10 14:35:47','2012-05-10 14:35:56',1,'34.1614860','-118.3704640'),(1336685847,26,183,245,0.02,0,'','',1,0,0,'',0,'2012-05-10 14:37:26','2012-05-10 14:37:37',1,'34.1613400','-118.3708850'),(1336703930,26,183,245,0.01,0,'','',1,0,0,'',0,'2012-05-10 19:38:50','2012-05-10 19:39:05',1,'34.0344880','-118.2402410'),(1336754964,1,1,303,0.22,0,'','',1,0,0,'',0,'2012-05-11 09:49:24','2012-05-11 09:49:43',1,'45.5120879','-73.5698086'),(1336756126,1,1,303,0.22,0,'','',1,0,0,'',0,'2012-05-11 10:08:45','2012-05-11 10:09:13',1,'45.5121018','-73.5698150'),(1336756296,1,1,303,0.12,0,'','',1,0,0,'',0,'2012-05-11 10:11:35','2012-05-11 10:11:46',1,'45.5121226','-73.5698104'),(1336756488,1,1,303,0.11,0,'','',1,0,0,'',0,'2012-05-11 10:14:47','2012-05-11 10:15:06',1,'45.5121370','-73.5697706'),(1336756836,1,1,303,0.22,0,'','',1,0,0,'',0,'2012-05-11 10:20:36','2012-05-11 10:20:54',1,'45.5120758','-73.5698264'),(1336756968,1,1,303,0.34,0,'','',1,0,0,'',0,'2012-05-11 10:22:47','2012-05-11 10:23:03',1,'45.5120634','-73.5698148'),(1337107041,1,1,303,0.45,0,'','',1,0,0,'',0,'2012-05-15 11:37:21','2012-05-15 11:38:02',1,'45.5115240','-73.5700780'),(1337107540,1,1,310,0.23,0,'','',1,0,0,'',0,'2012-05-15 11:45:40','2012-05-15 11:47:06',1,'45.5119430','-73.5699430'),(1337114108,1,1,228,0.1,0,'AP-5EE53145KA0767546','',1,0,0,'',0,'2012-05-15 13:35:07','2012-05-15 13:36:51',1,'45.5120380','-73.5697190'),(1337114313,1,1,228,0.05,0,'AP-8VU90611RR7359700','',1,0,0,'',0,'2012-05-15 13:38:33','2012-05-15 13:38:54',1,'45.5120380','-73.5697190'),(1337181750,23,1,1,0.33,0,'','',1,0,0,'',0,'2012-05-16 08:22:29','2012-05-16 08:24:49',1,'45.5085320','-73.5718130'),(1337182278,23,1,1,0.32,0,'','',1,0,0,'',0,'2012-05-16 08:31:18','2012-05-16 08:32:43',1,'45.5203594','-73.5839326'),(1337269106,23,1,310,0.21,0,'','',1,0,0,'',0,'2012-05-17 08:38:26','2012-05-17 08:38:43',1,'45.5120150','-73.5698370'),(1337315819,19,1,320,0.11,0,'','',1,0,0,'',0,'2012-05-17 21:36:58','2012-05-17 21:37:20',1,'45.5203635','-73.5839561'),(1337653128,19,1,320,0.11,0,'','',1,0,0,'',0,'2012-05-21 19:18:47','2012-05-21 19:19:10',1,'45.5203820','-73.5839750'),(1337653164,19,1,228,0.05,0,'AP-66D17254HT669182E','',1,0,0,'',0,'2012-05-21 19:19:24','2012-05-21 19:19:38',1,'45.5203820','-73.5839750'),(1337792211,23,1,320,0.05,0,'','',1,0,0,'',0,'2012-05-23 09:56:51','2012-05-23 09:57:11',1,'45.5085560','-73.5622420'),(1337792334,23,1,320,0.1,0,'','',1,0,0,'',0,'2012-05-23 09:58:53','2012-05-23 10:06:42',1,'45.5085560','-73.5622420'),(1338831392,30,1,320,0.03,0,'','',1,0,0,'',0,'2012-06-04 10:36:31','2012-06-04 10:37:14',1,'49.2818850','-123.1079810'),(1338870934,30,1,228,0.1,0,'AP-61P2328093008911A','',1,0,0,'',0,'2012-06-04 21:35:33','2012-06-04 21:36:13',1,'49.2829690','-123.1073060'),(1338924462,30,1,320,0.04,0,'','',1,0,0,'',0,'2012-06-05 12:27:41','2012-06-05 12:27:57',1,'49.2828400','-123.1074430'),(1338924618,30,1,228,0.03,0,'AP-9A7818698R398593S','',1,0,0,'',0,'2012-06-05 12:30:18','2012-06-05 12:31:33',1,'49.2828400','-123.1074430'),(1338925715,30,112,349,0.48,0,'','',1,0,0,'',0,'2012-06-05 12:48:35','2012-06-05 12:48:54',1,'49.2820680','-123.1078670'),(1338926585,30,1,1,1.11,0,'','',1,0,0,'',0,'2012-06-05 13:03:04','2012-06-05 13:09:12',1,'49.2829590','-123.1074730'),(1338927070,30,1,320,0.03,0,'','',1,0,0,'',0,'2012-06-05 13:11:09','2012-06-05 13:11:25',1,'49.2829590','-123.1074730'),(1338927134,30,1,228,0.04,0,'AP-11M993411X986063A','',1,0,0,'',0,'2012-06-05 13:12:13','2012-06-05 13:12:28',1,'49.2829590','-123.1074730'),(1338930602,30,1,1,0.08,0,'','',1,0,0,'',0,'2012-06-05 14:10:02','2012-06-05 14:10:32',1,'49.2829210','-123.1042360'),(1338930878,30,112,162,0.02,0,'','Testing',1,0,0,'',0,'2012-06-05 14:14:38','2012-06-05 14:14:56',1,'49.2829130','-123.1042910'),(1338931383,30,112,349,2.89,0,'','',1,0,0,'',0,'2012-06-05 14:23:02','2012-06-05 14:23:28',1,'49.2829040','-123.1042590'),(1338932375,30,1,1,10.43,0,'','Hello',1,0,0,'',0,'2012-06-05 14:39:35','2012-06-05 14:39:51',1,'49.2828960','-123.1042950'),(1339026183,30,112,353,0.42,0,'','',1,0,0,'',0,'2012-06-06 16:43:02','2012-06-06 16:43:30',1,'49.2820350','-123.1078880'),(1339187019,31,1,1,0.22,0,'','',1,0,0,'',0,'2012-06-08 13:23:38','2012-06-08 13:29:41',1,'49.2768542','-123.1159912'),(1339187403,31,1,1,0.33,0,'','',1,0,0,'',0,'2012-06-08 13:30:03','2012-06-08 13:30:32',1,'49.2769177','-123.1160817'),(1339187750,31,1,1,0.34,0,'','',1,0,0,'',0,'2012-06-08 13:35:49','2012-06-08 13:36:21',1,'49.2768750','-123.1160470'),(1339189535,31,112,352,0.04,0,'','',1,0,0,'',0,'2012-06-08 14:05:35','2012-06-08 14:05:55',1,'49.2834000','-123.1064360'),(1339437855,31,112,352,0.04,0,'','',1,0,1,'',0,'2012-06-11 11:04:15','2012-06-11 11:04:43',1,'49.2647230','-123.0858330'),(1339528718,31,112,352,3.45,0,'','',1,0,0,'',0,'2012-06-12 12:18:37','2012-06-12 12:19:03',1,'49.2836800','-123.1096510'),(1339530832,31,112,352,3.45,0,'','',1,0,0,'',0,'2012-06-12 12:53:52','2012-06-12 12:54:42',1,'49.2837130','-123.1091560'),(1339628207,31,112,352,3.56,0,'','',1,0,0,'',0,'2012-06-13 15:56:46','2012-06-13 15:58:25',1,'49.2832750','-123.1066060'),(1339742107,31,112,352,0.34,0,'','',1,0,0,'',0,'2012-06-14 23:35:06','2012-06-14 23:35:45',1,'49.2647340','-123.0858880'),(1339789268,31,112,352,0.23,0,'','',1,0,0,'',0,'2012-06-15 12:41:08','2012-06-15 12:41:26',1,'49.2835120','-123.1065390'),(1339795691,31,112,352,5.28,0,'','',1,0,0,'',0,'2012-06-15 14:28:11','2012-06-15 14:28:42',1,'49.2834650','-123.1046400'),(1339797296,31,112,352,5.55,0,'','',1,0,0,'',0,'2012-06-15 14:54:55','2012-06-15 14:55:35',1,'49.2834340','-123.1064570'),(1339799217,31,112,352,45.99,0,'','',1,0,0,'',0,'2012-06-15 15:26:57','2012-06-15 15:27:23',1,'49.2839350','-123.1099960'),(1339990377,31,266,364,1.25,0,'','',1,0,0,'',0,'2012-06-17 20:32:57','2012-06-17 20:33:50',1,'49.2682100','-123.1132770'),(1340139879,31,112,352,2.04,0,'','',1,0,0,'',0,'2012-06-19 14:04:38','2012-06-19 14:05:09',1,'49.2834960','-123.1048370'),(1340143141,31,112,352,2.58,0,'','',1,0,0,'',0,'2012-06-19 14:59:00','2012-06-19 14:59:42',1,'49.2831550','-123.1066770'),(1340146352,31,112,352,3.52,0,'','',1,0,0,'',0,'2012-06-19 15:52:32','2012-06-19 15:53:41',1,'49.2832190','-123.1094270'),(1340163671,31,112,352,3.42,0,'','',1,0,0,'',0,'2012-06-19 20:41:11','2012-06-19 20:42:37',1,'49.2833740','-123.1043230'),(1340235035,31,112,352,4.3,0,'','',1,0,1,'',0,'2012-06-20 16:30:35','2012-06-20 16:30:58',1,'49.2834870','-123.1065470'),(1340311331,31,112,352,1.42,0,'','',1,0,0,'',0,'2012-06-21 13:42:11','2012-06-21 13:42:52',1,'49.2828490','-123.1080720'),(1340328179,31,112,352,6.78,0,'','',1,0,0,'',0,'2012-06-21 18:22:58','2012-06-21 18:24:08',1,'49.2841750','-123.1085940'),(1340334535,36,1,1,0.33,0,'','',1,0,0,'',0,'2012-06-21 20:08:54','2012-06-21 20:23:03',1,'49.2826072','-123.1076409'),(1340396114,31,112,349,1.15,0,'','',1,0,0,'',0,'2012-06-22 13:15:13','2012-06-22 13:15:55',1,'49.2834500','-123.1045990'),(1340653310,31,112,352,2.32,0,'','',1,0,0,'',0,'2012-06-25 12:41:50','2012-06-25 12:42:16',1,'49.2835220','-123.1065250'),(1340656542,31,112,352,4.45,0,'','',1,0,0,'',0,'2012-06-25 13:35:41','2012-06-25 13:36:10',1,'49.2821940','-123.1041800'),(1340688541,31,112,352,3.29,0,'','',1,0,0,'',0,'2012-06-25 22:29:01','2012-06-25 22:30:33',1,'49.2644370','-123.0858910'),(1340747908,31,112,352,2.58,0,'','',1,0,0,'',0,'2012-06-26 14:58:28','2012-06-26 14:59:35',1,'49.2834930','-123.1065500'),(1344364214,31,112,352,11.3,0,'','',1,0,0,'',0,'2012-08-07 11:30:14','2012-08-07 11:31:06',1,'49.2822070','-123.1041880'),(1344453668,31,1,1,1,0,'','',1,0,0,'',0,'2012-08-08 12:21:07','2012-08-08 12:22:53',1,'49.2849580','-123.1233560'),(1341014269,31,112,352,0.57,0,'','',1,0,0,'',0,'2012-06-29 16:57:48','2012-06-29 16:58:12',1,'49.2834650','-123.1064140'),(1341098292,31,112,352,0.01,0,'','',1,0,0,'',0,'2012-06-30 16:18:12','2012-06-30 16:18:48',1,'49.2824710','-123.0999480'),(1341099113,31,112,352,0.03,0,'','',1,0,0,'',0,'2012-06-30 16:31:53','2012-06-30 16:32:19',1,'49.2824430','-123.0996200'),(1341337957,31,112,352,0.56,0,'','',1,0,0,'',0,'2012-07-03 10:52:36','2012-07-03 10:53:24',1,'49.2832470','-123.1091970'),(1341373558,31,112,352,2.32,0,'','',1,0,0,'',0,'2012-07-03 20:45:58','2012-07-03 20:47:22',1,'49.2647040','-123.0858590'),(1341431441,31,112,352,2.31,0,'','',1,0,0,'',0,'2012-07-04 12:50:41','2012-07-04 12:51:09',1,'49.2835280','-123.1065430'),(1341441542,31,112,352,5.65,0,'','',1,0,0,'',0,'2012-07-04 15:39:01','2012-07-04 15:39:36',1,'49.2748050','-123.1226760'),(1341527975,31,112,352,2.45,0,'','',1,0,0,'',0,'2012-07-05 15:39:35','2012-07-05 15:41:12',1,'49.2853670','-123.1124190'),(1341606425,31,112,352,1.26,0,'','',1,0,0,'',0,'2012-07-06 13:27:04','2012-07-06 13:28:12',1,'49.2828210','-123.1042500'),(1342038400,31,112,352,1.26,0,'','',1,0,0,'',0,'2012-07-11 13:26:40','2012-07-11 13:27:40',1,'49.2829090','-123.1083680'),(1344453806,31,1,1,2,0,'','Coffe for John',1,0,0,'',0,'2012-08-08 12:23:26','2012-08-08 12:23:57',1,'49.2836240','-123.1050040'),(1342565363,31,112,352,3.49,0,'','',1,0,0,'',0,'2012-07-17 15:49:22','2012-07-17 15:49:54',1,'49.2835890','-123.1047530'),(1342813833,31,112,352,1.21,0,'','',1,0,0,'',0,'2012-07-20 12:50:32','2012-07-20 12:50:53',1,'49.2835300','-123.1065450'),(1342819313,31,112,352,4.33,0,'','',1,0,0,'',0,'2012-07-20 14:21:52','2012-07-20 14:22:28',1,'49.2840040','-123.1071620'),(1343070309,31,112,352,12.05,0,'','',1,0,0,'',0,'2012-07-23 12:05:08','2012-07-23 12:05:43',1,'49.2835460','-123.1065330'),(1343075618,31,112,352,6.77,0,'','',1,0,0,'',0,'2012-07-23 13:33:38','2012-07-23 13:34:21',1,'49.2835480','-123.1021740'),(1343192459,31,112,352,3.22,0,'','',1,0,0,'',0,'2012-07-24 22:00:59','2012-07-24 22:02:05',1,'49.2648250','-123.0858250'),(1343238374,31,112,352,4.56,0,'','Note',1,0,0,'',0,'2012-07-25 10:46:14','2012-07-25 10:46:48',1,'49.2862680','-123.1263280'),(1343443728,31,112,352,3.44,0,'','',1,0,0,'',0,'2012-07-27 19:48:48','2012-07-27 19:50:19',1,'49.2835160','-123.1065330'),(1343693907,31,112,352,5.18,0,'','',1,0,0,'',0,'2012-07-30 17:18:27','2012-07-30 17:18:44',1,'49.2749090','-123.1226820'),(1344968598,31,112,352,2.33,0,'','',1,0,0,'',0,'2012-08-14 11:23:17','2012-08-14 11:24:07',1,'49.2823030','-123.1043170'),(1344989704,31,112,352,5.14,0,'','',1,0,0,'',0,'2012-08-14 17:15:04','2012-08-14 17:16:11',1,'49.2808630','-123.1042260'),(1343864356,31,112,352,4.39,0,'','',1,0,0,'',0,'2012-08-01 16:39:15','2012-08-01 16:40:10',1,'49.2872950','-123.1225850'),(1343934971,31,112,352,3.33,0,'','',1,0,0,'',0,'2012-08-02 12:16:10','2012-08-02 12:16:35',1,'49.2844720','-123.1121050'),(1343941504,31,112,352,2.04,0,'','',1,0,0,'',0,'2012-08-02 14:05:03','2012-08-02 14:05:25',1,'49.2755640','-123.1205560'),(1346096474,31,112,352,1.21,0,'','',1,0,0,'',0,'2012-08-27 12:41:13','2012-08-27 12:41:54',1,'49.2647140','-123.0858070'),(1346111373,31,112,352,4.48,0,'','',1,0,0,'',0,'2012-08-27 16:49:33','2012-08-27 16:52:32',1,'49.2889260','-123.1130770'),(1346183837,31,112,352,3.44,0,'','',1,0,0,'',0,'2012-08-28 12:57:16','2012-08-28 12:57:45',1,'49.2784400','-123.1185470'),(1347552647,31,112,352,0.21,0,'','',1,0,0,'',0,'2012-09-13 09:10:47','2012-09-13 09:11:28',1,'49.2648150','-123.0860030'),(1347561114,31,112,352,0.21,0,'','',1,0,0,'',0,'2012-09-13 11:31:54','2012-09-13 11:36:50',1,'49.2835010','-123.1065350'),(1347671768,31,112,352,0.34,0,'','',1,0,0,'',0,'2012-09-14 18:16:07','2012-09-14 18:17:59',1,'49.2834710','-123.1065610');
/*!40000 ALTER TABLE `transaction` ENABLE KEYS */;
UNLOCK TABLES;

--
-- Table structure for table `user`
--

DROP TABLE IF EXISTS `user`;
/*!40101 SET @saved_cs_client     = @@character_set_client */;
/*!40101 SET character_set_client = utf8 */;
CREATE TABLE `user` (
  `user_id` int(10) unsigned NOT NULL AUTO_INCREMENT,
  `parent_id` int(10) unsigned NOT NULL DEFAULT '0',
  `merchant_id` int(10) unsigned NOT NULL DEFAULT '0',
  `user_firstname` varchar(50) NOT NULL DEFAULT '',
  `user_lastname` varchar(50) NOT NULL DEFAULT '',
  `user_prefix` varchar(10) NOT NULL DEFAULT '',
  `user_dob` date NOT NULL DEFAULT '0000-00-00',
  `user_email` varchar(255) NOT NULL DEFAULT '',
  `user_phone` varchar(20) NOT NULL DEFAULT '',
  `user_passcode` varchar(50) NOT NULL DEFAULT '',
  `user_enabled` int(1) NOT NULL DEFAULT '0',
  `paypal_key` varchar(45) NOT NULL DEFAULT '',
  `paypal_id` varchar(45) NOT NULL DEFAULT '',
  `paypal_email` varchar(45) NOT NULL DEFAULT '',
  PRIMARY KEY (`user_id`),
  KEY `merchant` (`merchant_id`),
  KEY `uniq` (`user_phone`),
  KEY `uniq2` (`user_email`)
) ENGINE=MyISAM AUTO_INCREMENT=331 DEFAULT CHARSET=utf8;
/*!40101 SET character_set_client = @saved_cs_client */;

--
-- Dumping data for table `user`
--

LOCK TABLES `user` WRITE;
/*!40000 ALTER TABLE `user` DISABLE KEYS */;
INSERT INTO `user` VALUES (1,0,0,'Dmytro','Dvynyaninov','mr','1979-01-01','ddvinyaninov@gmail.com','6044174375','81dc9bdb52d04dc20036dbd8313ed055',1,'AA-25102116RJ059850U','3ZYJS2LMSZGR4','ddvinyaninov@yahoo.com'),(2,0,8,'','','','0000-00-00','live.stock@payphoneapp.com','6046851433','81dc9bdb52d04dc20036dbd8313ed055',1,'','',''),(73,0,18,'Merchant 116','heaf','Mr.','0000-00-00','merchant116@gmail.com','1167244111','81dc9bdb52d04dc20036dbd8313ed055',1,'','',''),(103,0,17,'Merchant 853','12','Mr.','0000-00-00','merchant853@gmail.com','8537244111','81dc9bdb52d04dc20036dbd8313ed055',1,'','',''),(104,0,1,'Notman House','','','0000-00-00','nouvellenouvelle@gmail.com','1111111111','81dc9bdb52d04dc20036dbd8313ed055',1,'AA-0DA38151BA767721R','YPV8AKTHUBZSS','general@payphoneapp.com'),(105,0,6,'','','','0000-00-00','jd@payphoneapp.com','6043318441','81dc9bdb52d04dc20036dbd8313ed055',1,'','',''),(106,0,7,'','','','0000-00-00','complex@payphoneapp.com','6046021668','81dc9bdb52d04dc20036dbd8313ed055',1,'','',''),(107,0,21,'','','','0000-00-00','peckinpah@payphoneapp.com','6046815411','81dc9bdb52d04dc20036dbd8313ed055',1,'','',''),(108,0,0,'','','','0000-00-00','York@Pradocafe.com','6046443912','81dc9bdb52d04dc20036dbd8313ed055',1,'','',''),(110,0,0,'','','','0000-00-00','kineticpoet@gmail.com','7789879484','',0,'','',''),(109,0,2,'','','','0000-00-00','prado@payphoneapp.com','6042555537','81dc9bdb52d04dc20036dbd8313ed055',1,'','',''),(111,0,3,'','','','0000-00-00','sean@irishheather.com','6049157258','81dc9bdb52d04dc20036dbd8313ed055',1,'','',''),(112,0,0,'Noah','Heath','mr','1976-09-14','Loukwon@gmail.com','6047244110','81dc9bdb52d04dc20036dbd8313ed055',1,'AA-75R61324W42385004','2FX7LZ8V9P7XW','noah5@payphoneapp.com'),(113,0,0,'','','','0000-00-00','alyssaarbuckle@gmail.com','7789888022','14da92f2bdaec7f2218042a5b6124570',1,'','',''),(114,0,0,'','','','0000-00-00','Chickenhole@gmail.com','6043748181','d88518acbcc3d08d1f18da62f9bb26ec',1,'','',''),(115,0,0,'Wavefront','','','0000-00-00','wavefront@payphoneapp.com','7783317475','81dc9bdb52d04dc20036dbd8313ed055',1,'','',''),(116,0,22,'','','','0000-00-00','cc@payphoneapp.com','0987654321','81dc9bdb52d04dc20036dbd8313ed055',1,'','',''),(117,0,0,'','','','0000-00-00','Mike@irishheather.com','6046193347','ff49cc40a8890e6a60f40ff3026d2730',1,'','',''),(118,0,19,'','','','0000-00-00','dmitryinc@payphoneapp.com','1234567890','81dc9bdb52d04dc20036dbd8313ed055',1,'AA-5AG74839SL3471527','NXQF7VTS4CA3G','dmitryinc@payphoneapp.com'),(119,0,0,'','','','0000-00-00','techiemik@gmail.com','','',1,'','',''),(120,0,0,'','','','0000-00-00','M@sassycontessa.com','','',1,'','',''),(167,0,0,'','','','0000-00-00','Stephanie@ooomf.com','','',0,'','',''),(121,0,0,'','','','0000-00-00','mrockman@admeris.com','','81dc9bdb52d04dc20036dbd8313ed055',1,'','',''),(122,0,0,'','','','0000-00-00','thebestkept@gmail.com','','',0,'','',''),(123,0,0,'','','','0000-00-00','Paul@Ecquire.com','','',0,'','',''),(124,0,0,'','','','0000-00-00','ben@payphoneapp.com','','',0,'','',''),(125,0,0,'','','','0000-00-00','ben.hesketh@gmail.com','','',0,'','',''),(126,0,0,'','','','0000-00-00','boris@bmannconsulting.com1','','',0,'','',''),(127,0,0,'','','','0000-00-00','randiobenauer@flip.com','','',0,'','',''),(128,0,0,'','','','0000-00-00','themaynardfamily@rogers.com','','',1,'','',''),(129,0,0,'','','','0000-00-00','matt0954@yahoo.com','','',0,'','',''),(130,0,0,'','','','0000-00-00','mobilizme@gmail.com','','',0,'','',''),(131,0,0,'','','','0000-00-00','monty@blastramp.com','','',0,'','',''),(132,0,0,'','','','0000-00-00','dddd@gmail.com','','',0,'','',''),(133,0,0,'','','','0000-00-00','sean@fourmojo.com','','',0,'','',''),(134,0,0,'','','','0000-00-00','don@fourmojo.com','','',0,'','',''),(135,0,0,'','','','0000-00-00','Ctatewart@shaw.ca1','60472677691','c622c085c04eadc473f08541b255320e',1,'','',''),(141,0,0,'','','','0000-00-00','robbiemiller@shaw.ca','7789985841','b59c67bf196a4758191e42f76670ceba',1,'','',''),(137,0,0,'','','','0000-00-00','chad@warfordium.org','7788558792','17b3c7061788dbe82de5abe9f6fe22b3',1,'','',''),(138,0,0,'','','','0000-00-00','Jennifervbarry@gmail.com','6047817584','25df35de87aa441b88f22a6c2a830a17',1,'','',''),(142,0,0,'','','','0000-00-00','Ddvinyaninov@yahoo.com','60441832221','81dc9bdb52d04dc20036dbd8313ed055',1,'','',''),(140,0,0,'','','','0000-00-00','chris.wiesinger@gmail.com','6047258200','da3fde159d754a2555eaa198d2d105b2',1,'','',''),(213,0,0,'','','','0000-00-00','robertmasse@gmail.com','5142969302','577fd60255d4bb0f466464849ffe6d8e',1,'','',''),(144,0,0,'','','','0000-00-00','Ctastewart@shaw.ca','6047267769','c850371fda6892fbfd1c5a5b457e5777',1,'','',''),(152,0,0,'','','','0000-00-00','marco@francescoandcompany.com','7788857873','b48053d7f826af82f7523b4cf90826f2',1,'','',''),(146,0,0,'','','','0000-00-00','siobhan_williams@ymail.com','','',0,'','',''),(147,0,0,'','','','0000-00-00','colin@colin8ch.com','','',0,'','',''),(149,0,0,'','','','0000-00-00','aaron@govoluntouring.com','6047545562','110eec23201d80e40d0c4a48954e2ff5',1,'','',''),(211,0,0,'','','','0000-00-00','stevenlac@gmail.com','4184466554','bdc4626aa1d1df8e14d80d345b2a442d',1,'','',''),(154,0,0,'','','','0000-00-00','al@alharding.com','','',0,'','',''),(155,0,0,'','','','0000-00-00','Jlypkie@gmail.com','6046125120','afdec7005cc9f14302cd0474fd0f3c96',1,'','',''),(156,0,0,'','','','0000-00-00','sofalien@gmail.com','','',0,'','',''),(157,0,0,'','','','0000-00-00','jakehirschallen@gmail.com','','',0,'','',''),(158,0,0,'','','','0000-00-00','Simon@simonwex.com','2508148478','0aae0fede9a4d278e2f9a171e62fc76b',1,'','',''),(159,0,0,'','','','0000-00-00','outrmost@uniserve.com','6047244201','e3eb4194278df0f91258632682d0ae92',1,'','',''),(160,0,22,'Cossette','','','0000-00-00','ypg@payphoneapp.com','2222222222','81dc9bdb52d04dc20036dbd8313ed055',1,'','',''),(161,0,0,'','','','0000-00-00','maurar@gmail.com','','',0,'','',''),(162,0,0,'','','','0000-00-00','vanessafuller@me.com','','',0,'','',''),(163,0,0,'','','','0000-00-00','borski@tinfoilsecurity.com','','',0,'','',''),(164,0,0,'','','','0000-00-00','oswaldrndy@gmail.com','','',0,'','',''),(165,0,23,'Pikolo Espresso Bar','','','0000-00-00','picolo@payphoneapp.com','3333333333','81dc9bdb52d04dc20036dbd8313ed055',1,'','',''),(166,0,25,'Sea Monstr Sushi','','','0000-00-00','','6046812144','81dc9bdb52d04dc20036dbd8313ed055',1,'','',''),(168,0,0,'','','','0000-00-00','alecmillster@gmail.com','','',0,'','',''),(169,0,0,'','','','0000-00-00','arati@jetcooper.com','','',0,'','',''),(170,0,0,'','','','0000-00-00','soul.survivor2@gmail.com','','',0,'','',''),(171,0,0,'','','','0000-00-00','behrouz@jetcooper.com','4168826267','81dc9bdb52d04dc20036dbd8313ed055',1,'','',''),(172,0,0,'','','','0000-00-00','luc.prieur@phonebox-e.com','','',0,'','',''),(173,0,0,'','','','0000-00-00','romanoa@videotron.ca','','',0,'','',''),(174,0,0,'','','','0000-00-00','karim@paymentpin.com','','',0,'','',''),(175,0,6,'Bean','Stream','Mr.','0000-00-00','beanstream@payphoneapp.com','9999999999','81dc9bdb52d04dc20036dbd8313ed055',1,'','',''),(176,0,0,'','','','0000-00-00','jonathan@helloarchitekt.com','','',0,'','',''),(177,0,0,'','','','0000-00-00','nrenaud@novacap.ca','5142268216','a29d1598024f9e87beab4b98411d48ce',1,'','',''),(178,0,0,'Dmytro','Dvynyaninov','Mr.','0000-00-00','paypal@payphoneapp.com','6044174374','81dc9bdb52d04dc20036dbd8313ed055',1,'AA-3PC81814GL146572K','LFK3FK4RVVEMN','paypal3@payphoneapp.com'),(179,0,0,'','','','0000-00-00','dd@dvinyaninov.com','60441743752','81dc9bdb52d04dc20036dbd8313ed055',1,'','',''),(180,0,26,'Factory Store','','','0000-00-00','jeff@jeffkolb.com','5145555555','81dc9bdb52d04dc20036dbd8313ed055',1,'AA-0KU48252DU595125W','ZGFN9RE22KP2L','jeff@payphoneapp.com'),(181,0,27,'Wall Street Survivor','','','0000-00-00','wallstreet@payphoneapp.com','5146666666','81dc9bdb52d04dc20036dbd8313ed055',1,'AA-8B635954FK7991338','TRAF8KCSX7HPL','wallstreet@payphoneapp.com'),(182,0,0,'','','','0000-00-00','rolson@stocktrak.com','','',0,'','',''),(183,0,0,'Jeff','Kolb','mr','0000-00-00','ppa@jeffkolb.com','5149838484','81dc9bdb52d04dc20036dbd8313ed055',1,'AA-6AX032016M0451631','YT7Y7VZJXKMMW','ppa@jeffkolb.com'),(184,0,32,'','','','0000-00-00','nytest@payphoneapp.com','2124432142','81dc9bdb52d04dc20036dbd8313ed055',1,'','',''),(185,0,33,'','','','0000-00-00','montreal@payphoneapp.com','5147754425','81dc9bdb52d04dc20036dbd8313ed055',1,'','',''),(186,0,34,'','','','0000-00-00','roden.gray@payphoneapp.com','6046897302','81dc9bdb52d04dc20036dbd8313ed055',1,'','',''),(187,0,35,'','','','0000-00-00','gfdg@srgsdf.com','6045583499','81dc9bdb52d04dc20036dbd8313ed055',1,'','',''),(188,0,29,'Noah','','','0000-00-00','noah@payphoneapp.com','6046822234','81dc9bdb52d04dc20036dbd8313ed055',1,'','',''),(189,0,31,'Demo','Store','','0000-00-00','demo@payphoneapp.com','1231231234','81dc9bdb52d04dc20036dbd8313ed055',1,'','',''),(190,0,30,'','','','0000-00-00','salty.tongue@payphoneapp.com','6046889779','81dc9bdb52d04dc20036dbd8313ed055',1,'','','general@payphoneapp.com'),(191,0,36,'','','','0000-00-00','revolver@payphoneapp.com','6045584444','81dc9bdb52d04dc20036dbd8313ed055',1,'','',''),(192,0,37,'','','','0000-00-00','crema@payphoneapp.com','6049222294','81dc9bdb52d04dc20036dbd8313ed055',1,'','',''),(193,0,33,'','','','0000-00-00','montreal2@payphoneapp.com','5147753355','81dc9bdb52d04dc20036dbd8313ed055',1,'','',''),(194,0,0,'','','','0000-00-00','456456','76856','',0,'','',''),(195,0,0,'','','','0000-00-00','234234234f','4534234','',0,'','',''),(196,0,0,'','','','0000-00-00','3453452345','3452345','',0,'','',''),(197,0,0,'','','','0000-00-00','34534534','3453t3534t','',0,'','',''),(198,0,0,'','','','0000-00-00','345ert34','34534','',0,'','',''),(199,0,0,'','','','0000-00-00','345ert3433','345342333','',0,'','',''),(200,0,0,'','','','0000-00-00','345ert34333','3453423333','',0,'','',''),(201,0,0,'','','','0000-00-00','support@beanstream.com','2504722326','81dc9bdb52d04dc20036dbd8313ed055',1,'','',''),(202,0,28,'','','','0000-00-00','dhendricks@beanstream.com','8884722072','81dc9bdb52d04dc20036dbd8313ed055',1,'','',''),(203,0,0,'','','','0000-00-00','ddvinyaninov@gmail.com3','60441743753','',0,'','',''),(204,0,0,'','','','0000-00-00','marina.dvinyaninova@gmail.com','6044183222','81dc9bdb52d04dc20036dbd8313ed055',1,'','',''),(208,0,0,'','','','0000-00-00','perreault.vincent@gmail.com','4505412065','1f36c15d6a3d18d52e8d493bc8187cb9',1,'','',''),(212,0,0,'Boris','Mann','mr','1975-02-22','boris@bmann.ca','7789682171','86f3f50a6f945bbfa351e55faac043fb',1,'','',''),(205,0,0,'','','','0000-00-00','amyreneeyork@gmail.com','','',0,'','',''),(206,0,0,'','','','0000-00-00','jorgen@hookham.co','7783180754','81dc9bdb52d04dc20036dbd8313ed055',1,'','',''),(207,0,0,'','','','0000-00-00','e86036@hotmail.com','0921133324','',0,'','',''),(209,0,0,'ian','jeffrey','mr','1978-02-11','ian.b.jeffrey@gmail.com','4388897031','33235e3d066bad95b6eea457826f7507',1,'','',''),(210,0,0,'','','','0000-00-00','john@realventures.com','5145131814','81dc9bdb52d04dc20036dbd8313ed055',1,'','',''),(214,0,0,'','','','0000-00-00','macleod.mk@gmail.com','5142626004','f621585df244e9596dc70a39b579efb1',1,'','',''),(215,0,0,'','','','0000-00-00','marc.berube@gmail.com','4187176920','81dc9bdb52d04dc20036dbd8313ed055',1,'','',''),(216,0,0,'','','','0000-00-00','game-x@videotron.ca','4505128964','c8cd63e1bf13c5016881652983fb615a',1,'','',''),(217,0,0,'','','','0000-00-00','moquinlamothe@hotmail.com','4502247414','',0,'','',''),(218,0,0,'','','','0000-00-00','minimmm@hotmail.com','5148022956','81d7118d88d5570189ace943bd14f142',1,'','',''),(219,0,0,'','','','0000-00-00','clloyd@beanstream.com','2508884374','04be135cad7e049d73e3bb1ac5af388f',1,'','',''),(220,0,0,'','','','0000-00-00','jennanicolepratt1994@hotmail.com','9025741806','032a01d83345f23883c98c540ff32fe7',1,'','',''),(221,0,0,'','','','0000-00-00','Richard.charlebois@gmail.com','','',0,'','',''),(222,0,0,'','','','0000-00-00','phil@startupfestival.com','','',0,'','',''),(223,0,0,'','','','0000-00-00','roby@thoroughwebdesign.com','9058542391','',0,'','',''),(224,0,0,'','','','0000-00-00','tchirtik@gmail.com','16479755886','81dc9bdb52d04dc20036dbd8313ed055',1,'','',''),(225,0,0,'','','','0000-00-00','bill@q-sport.ca','','',0,'','',''),(226,0,0,'','','','0000-00-00','sardona05@hotmail.com','6472193789','8b10a9280bd46b8874af9b5cadec91d5',1,'','',''),(227,0,0,'','','','0000-00-00','pierre@parogerge.com','','',0,'','',''),(228,0,0,'','','','0000-00-00','maksymic_m@hotmail.com','2048230234','459a4ddcb586f24efd9395aa7662bc7c',1,'','',''),(229,0,0,'John','Vandenberg','mr','0000-00-00','Rijovan@harewaves.net','14038446351','71a58e8cb75904f24cde464161c3e766',1,'','',''),(230,0,0,'','','','0000-00-00','kamoir@yahoo.com','','',0,'','',''),(231,0,0,'','','','0000-00-00','bibi_01@hotmail.fr','','',0,'','',''),(232,0,0,'','','','0000-00-00','amilcar.batista@gmail.com','','',0,'','',''),(233,0,0,'','','','0000-00-00','Ia35yo@gmail.com','','',0,'','',''),(234,0,0,'','','','0000-00-00','laurent@laferriere.ca','5149630044','07dbd9a180c7cc69cada7b982c5ae82c',1,'','',''),(235,0,0,'','','','0000-00-00','sanjay@bakshani.com','5145715565','b3b4d2dbedc99fe843fd3dedb02f086f',1,'','',''),(236,0,0,'','','','0000-00-00','David@techblawg.ca','','',0,'','',''),(237,0,0,'','','','0000-00-00','jfplante@planteassocies.com','5148066368','52ff52aa56d10a1287274ecf02dccb5f',1,'','',''),(238,0,0,'','','','0000-00-00','pfokom@gmail.com','','',0,'','',''),(239,0,0,'','','','0000-00-00','alesage@lesageconseil.cpm','','',0,'','',''),(240,0,0,'','','','0000-00-00','alesage@lesageconseil.com','','',0,'','',''),(241,0,0,'','','','0000-00-00','andre.labonte@optimalpayments.com','','',0,'','',''),(242,0,0,'','','','0000-00-00','gadavane@planteassocies.com','','',0,'','',''),(243,0,0,'','','','0000-00-00','duprogrammeur@gmail.com','','',0,'','',''),(244,0,0,'','','','0000-00-00','sean@seanlocal.com','15148157585','a11f9e533f28593768ebf87075ab34f2',1,'','',''),(245,0,0,'','','','0000-00-00','laurent.despins@gmail.com','','',0,'','',''),(246,0,0,'','','','0000-00-00','alexis.richer@hotmail.com','','',0,'','',''),(247,0,0,'','','','0000-00-00','design@slanda.com','','',0,'','',''),(248,0,0,'','','','0000-00-00','bordash1729@yahoo.ca','4038918152','',0,'','',''),(249,0,0,'','','','0000-00-00','dnoel.si@gmail.com','5143468873','250dd56814ad7c50971ee4020519c6f5',1,'','',''),(250,0,0,'','','','0000-00-00','joe@gogofire.com','','',0,'','',''),(251,0,0,'','','','0000-00-00','chantal@trezolie.com','','6b5754d737784b51ec5075c0dc437bf0',1,'','',''),(252,0,0,'','','','0000-00-00','aran.hamilton@gmail.com','','',0,'','',''),(253,0,0,'','','','0000-00-00','tydenes@yahoo.ca','7057891234','',0,'','',''),(254,0,0,'','','','0000-00-00','michaelnananzepa@gmail.com','','',0,'','',''),(255,0,0,'','','','0000-00-00','Alexjalbert@gmail.com','','',0,'','',''),(256,0,0,'','','','0000-00-00','sonukapoor@gmail.com','','',0,'','',''),(257,0,0,'','','','0000-00-00','shawn@inovia.vc','4034737002','c9f06bc7b46d0247a91c8fc665c13d0e',1,'','',''),(258,0,0,'','','','0000-00-00','zach.wittenberg@cbre.com','','69a829ce4f4e0d631ca634a866590a60',1,'','',''),(259,0,0,'','','','0000-00-00','christopherstott@gmail.com','7786685574','f3bd5ad57c8389a8a1a541a76be463bf',1,'','',''),(260,0,0,'','','','0000-00-00','jeffcameron2009@hotmail.com','6135771489','777669af68dbccabc30c3b6bcaa81825',1,'','',''),(261,0,0,'','','','0000-00-00','leedoe911@hotmail.com','','',0,'','',''),(262,0,0,'','','','0000-00-00','weston@netsign.com','','0a3b6f64f0523984e51323fe53b8c504',1,'','',''),(263,0,0,'','','','0000-00-00','chellemma@hotmail.com','','d60cadf1a41c651e1f0ade50136bad43',1,'','',''),(264,0,0,'','','','0000-00-00','julmenard2009@hotmail.com','8193038949','de3f712d1a02c5fb481a7a99b0da7fa3',1,'','',''),(265,0,0,'','','','0000-00-00','ryancarey@rodengray.com','','d550216af6333c3ef7ccded988557b49',1,'','',''),(266,0,0,'','','','0000-00-00','dstone@bitmason.com','6048990666','92a08bf918f44ccd961477be30023da1',1,'','',''),(267,0,0,'','','','0000-00-00','elty@me.com','','203cb085a5c2c3faf8e4f60131817256',1,'','',''),(268,0,0,'','','','0000-00-00','macewen@gmail.com','','db90f689b1567600818428ca3dfc88a3',1,'','',''),(269,0,0,'','','','0000-00-00','sebastian.troen@gmail.com','6042308435','c30fb4dc55d801fc7473840b5b161dfa',1,'','',''),(270,0,0,'','','','0000-00-00','bulent.tekmen@gmail.com','','7b7a53e239400a13bd6be6c91c4f6c4e',1,'','',''),(271,0,0,'','','','0000-00-00','hgzadeh@gmail.com','6045377463','e11943a6031a0e6114ae69c257617980',1,'','',''),(272,0,0,'','','','0000-00-00','jon@food.ee','','4ba29b9f9e5732ed33761840f4ba6c53',1,'','',''),(273,0,0,'','','','0000-00-00','wilson@clubcard.ca','7789908654','6492d38d732122c58b44e3fdc3e9e9f3',1,'','',''),(274,0,0,'Sahar','Talaei','ms','0000-00-00','sahartalai@yahoo.ca','7788294502','07ff46bb6597a4f81eed4f59360ff835',1,'','',''),(275,0,0,'','','','0000-00-00','pattylynnemckinnon@gmail.com','','',0,'','',''),(276,0,0,'','','','0000-00-00','jason_baker1976@hotmail.com','7094612307','',0,'','',''),(277,0,0,'','','','0000-00-00','jason_baker1976@hotmail.com','7094612307','',0,'','',''),(278,0,0,'','','','0000-00-00','jonathansnelgar@gmail.com','6046037391','81dc9bdb52d04dc20036dbd8313ed055',1,'','',''),(279,0,0,'','','','0000-00-00','marceloper69@yahoo.com.br','','',0,'','',''),(280,0,0,'','','','0000-00-00','marcelopeer@hotmail.com','','',0,'','',''),(281,0,0,'','','','0000-00-00','marcelopeer@live.com','','',0,'','',''),(282,0,0,'','','','0000-00-00','noahheath@gmail.com','','81dc9bdb52d04dc20036dbd8313ed055',1,'','',''),(283,0,0,'','','','0000-00-00','petersandrew999@gmail.com','9056318215','',0,'','',''),(284,0,0,'','','','0000-00-00','ericapeek@yahoo.com','','',1,'','',''),(285,0,0,'','','','0000-00-00','gabsmith14@hotmail.com','4507738815','4a7d1ed414474e4033ac29ccb8653d9b',0,'','',''),(286,0,0,'','','','0000-00-00','gabsmothh@hotmail.com','4502526125','',0,'','',''),(287,0,0,'','','','0000-00-00','gabfkdh@hormail.com','4502300362','722caafb4825ef5d8670710fa29087cf',1,'','',''),(288,0,0,'','','','0000-00-00','tamarawhelan@live.com','2270717','',0,'','',''),(289,0,0,'','','','0000-00-00','kcpetry@telus.net','','25df35de87aa441b88f22a6c2a830a17',1,'','',''),(290,0,0,'','','','0000-00-00','tiararocks_09@hotmail.com','13068295472','',0,'','',''),(291,0,0,'','','','0000-00-00','itsbreezybaby7@gmail.com','','bf7367a8e79c3982d578822af4f3fd0d',1,'','',''),(292,0,0,'','','','0000-00-00','esavary@familiprix.com','','05a70454516ecd9194c293b0e415777f',1,'','',''),(293,0,0,'','','','0000-00-00','megiffer@live.ca','','6e3197aae95c2ff8fcab35cb730f6a86',1,'','',''),(294,0,0,'','','','0000-00-00','miligram.smile@gmail.com','','99f97481f8214da999e3ccbe116f5334',1,'','',''),(295,0,0,'','','','0000-00-00','nbloom@gmail.com','7783216624','a18630ab1c3b9f14454cf70dc7114834',1,'','',''),(312,0,0,'','','','0000-00-00','marisafish@yahoo.com','9054650258','',0,'','',''),(297,0,0,'','','','0000-00-00','makalybaby@hotlmail.com','55996340114','',0,'','',''),(298,0,0,'','','','0000-00-00','makalybaby@hotlmail.com','55996340114','',0,'','',''),(299,0,0,'','','','0000-00-00','miked@evocanada.com','','',0,'','',''),(300,0,0,'','','','0000-00-00','daryl@hwgroup.ca','6049842466','021bbc7ee20b71134d53e20206bd6feb',1,'','',''),(301,0,0,'','','','0000-00-00','jozwen.jk@gmail.com','','',0,'','',''),(302,0,0,'','','','0000-00-00','pierre.burns@gmail.com','','cf3bc5414c865830e2543b1d83af591f',1,'','',''),(303,0,0,'','','','0000-00-00','ajt654@hotmail.com','4502261448','0ee8b85a85a49346fdff9665312a5cc4',0,'','',''),(304,0,0,'','','','0000-00-00','Gregorkennedy4@gmail.com','7788389590','811be42d722f824eb6cb90ab95ef9e21',1,'','',''),(305,0,0,'','','','0000-00-00','mgokturk@gmail.com','6043458775','653c579e3f9ba5c03f2f2f8cf4512b39',1,'','',''),(306,0,0,'','','','0000-00-00','jodi.allen@sasktel.net','9213124','',0,'','',''),(307,0,0,'','','','0000-00-00','cecjpa@yahoo.com','3069213124','b6e710870acb098e584277457ba89d68',1,'','',''),(308,0,0,'','','','0000-00-00','bright_girl_merit@hotmail.com','4388850085','',0,'','',''),(309,0,0,'','','','0000-00-00','vandyck.r@gmail.com','','f09696910bdd874a99cd74c8f05b5c44',1,'','',''),(310,0,0,'','','','0000-00-00','tarik.qahawish@gmail.com','5147712002','11d0e6287202fced83f79975ec59a3a6',1,'','',''),(311,0,0,'','','','0000-00-00','ashish-agarwal@hotmail.com','7789285289','277a78fc05c8864a170e9a56ceeabc4c',1,'','',''),(313,0,0,'','','','0000-00-00','judylynn456@hormail.com','6046570371','465636eb4a7ff4b267f3b765d07a02da',1,'','',''),(314,0,0,'','','','0000-00-00','hotmail.ca','4165511880','',0,'','',''),(315,0,0,'','','','0000-00-00','tyler@dillydallykids.ca','7788353191','a14ac55a4f27472c5d894ec1c3c743d2',1,'','',''),(316,0,0,'','','','0000-00-00','hasan_dubai2009@yahoo.com','6471235803','e034fb6b66aacc1d48f445ddfb08da98',0,'','',''),(317,0,0,'','','','0000-00-00','cma081784@gmail.com','','b0f07fe0f7de991bfca0de50391eb328',1,'','',''),(318,0,0,'','','','0000-00-00','bonjour@ili.as','','a7453a5f026fb6831d68bdc9cb0edcae',1,'','',''),(319,0,0,'','','','0000-00-00','Kris19cm@hotmail.com','','',0,'','',''),(320,0,0,'','','','0000-00-00','neev@north88outdoor.com','','42cbf4730aeac1d645324d4818104826',1,'','',''),(321,0,0,'','','','0000-00-00','rishabh24@gmail.com','','81dc9bdb52d04dc20036dbd8313ed055',1,'','',''),(322,0,0,'','','','0000-00-00','kdkdkidididksksieiridhmd','9056342242','',0,'','',''),(323,0,0,'','','','0000-00-00','rutya74@gmail.com','','81dc9bdb52d04dc20036dbd8313ed055',1,'','',''),(324,0,0,'','','','0000-00-00','e.karastoyanov@gmail.com','','',0,'','',''),(325,0,0,'','','','0000-00-00','eugenecharles896@yahoo.ca','4254113','',0,'','',''),(326,0,0,'','','','0000-00-00','screwgene@live.com','13064254113','',0,'','',''),(327,0,0,'','','','0000-00-00','shawn@subsrib.io','','',0,'','',''),(328,0,0,'','','','0000-00-00','shawn@subsrib.co','','',0,'','',''),(329,0,0,'','','','0000-00-00','ramela123@hotmail.com','','',0,'','',''),(330,0,0,'','','','0000-00-00','aniao433@sohu.com','','',1,'','','');
/*!40000 ALTER TABLE `user` ENABLE KEYS */;
UNLOCK TABLES;

--
-- Table structure for table `user_old`
--

DROP TABLE IF EXISTS `user_old`;
/*!40101 SET @saved_cs_client     = @@character_set_client */;
/*!40101 SET character_set_client = utf8 */;
CREATE TABLE `user_old` (
  `user_id` int(10) unsigned NOT NULL AUTO_INCREMENT,
  `parent_id` int(10) unsigned NOT NULL DEFAULT '0',
  `merchant_id` int(10) unsigned NOT NULL DEFAULT '0',
  `user_firstname` varchar(50) NOT NULL DEFAULT '',
  `user_lastname` varchar(50) NOT NULL DEFAULT '',
  `user_prefix` varchar(10) NOT NULL DEFAULT '',
  `user_dob` date NOT NULL DEFAULT '0000-00-00',
  `user_email` varchar(255) NOT NULL DEFAULT '',
  `user_phone` varchar(20) NOT NULL DEFAULT '',
  `user_passcode` varchar(50) NOT NULL DEFAULT '',
  `user_enabled` int(1) NOT NULL DEFAULT '0',
  PRIMARY KEY (`user_id`),
  KEY `merchant` (`merchant_id`),
  KEY `uniq` (`user_phone`),
  KEY `uniq2` (`user_email`)
) ENGINE=MyISAM AUTO_INCREMENT=176 DEFAULT CHARSET=utf8;
/*!40101 SET character_set_client = @saved_cs_client */;

--
-- Dumping data for table `user_old`
--

LOCK TABLES `user_old` WRITE;
/*!40000 ALTER TABLE `user_old` DISABLE KEYS */;
INSERT INTO `user_old` VALUES (1,0,0,'Dmytro','','','0000-00-00','ddvinyaninov@gmail.com','6044174375','81dc9bdb52d04dc20036dbd8313ed055',1),(2,0,8,'','','','0000-00-00','live.stock@payphoneapp.com','6046851433','81dc9bdb52d04dc20036dbd8313ed055',1),(73,0,18,'Merchant 116','heaf','Mr.','0000-00-00','merchant116@gmail.com','1167244110','81dc9bdb52d04dc20036dbd8313ed055',1),(103,0,17,'Merchant 853','12','Mr.','0000-00-00','merchant853@gmail.com','8537244110','81dc9bdb52d04dc20036dbd8313ed055',1),(104,0,1,'Notman House','','','0000-00-00','nouvellenouvelle@gmail.com','1111111111','81dc9bdb52d04dc20036dbd8313ed055',1),(105,0,6,'','','','0000-00-00','jd@payphoneapp.com','6043318441','81dc9bdb52d04dc20036dbd8313ed055',1),(106,0,7,'','','','0000-00-00','complex@payphoneapp.com','6046021668','81dc9bdb52d04dc20036dbd8313ed055',1),(107,0,21,'','','','0000-00-00','peckinpah@payphoneapp.com','6046815411','81dc9bdb52d04dc20036dbd8313ed055',1),(108,0,0,'','','','0000-00-00','York@Pradocafe.com','6046443912','81dc9bdb52d04dc20036dbd8313ed055',1),(110,0,0,'','','','0000-00-00','kineticpoet@gmail.com','7789879484','',0),(109,0,2,'','','','0000-00-00','prado@payphoneapp.com','6042555537','81dc9bdb52d04dc20036dbd8313ed055',1),(111,0,3,'','','','0000-00-00','sean@irishheather.com','6049157258','81dc9bdb52d04dc20036dbd8313ed055',1),(112,0,0,'Noah','Heath','ms','1976-09-14','Loukwon@gmail.com','6047244110','81dc9bdb52d04dc20036dbd8313ed055',1),(113,0,0,'','','','0000-00-00','alyssaarbuckle@gmail.com','7789888022','14da92f2bdaec7f2218042a5b6124570',1),(114,0,0,'','','','0000-00-00','Chickenhole@gmail.com','6043748181','d88518acbcc3d08d1f18da62f9bb26ec',1),(115,0,0,'Wavefront','','','0000-00-00','wavefront@payphoneapp.com','7783317475','81dc9bdb52d04dc20036dbd8313ed055',1),(116,0,22,'','','','0000-00-00','cc@payphoneapp.com','0987654321','81dc9bdb52d04dc20036dbd8313ed055',1),(117,0,0,'','','','0000-00-00','Mike@irishheather.com','6046193347','ff49cc40a8890e6a60f40ff3026d2730',1),(118,0,0,'','','','0000-00-00','','7783180754','',0),(119,0,0,'','','','0000-00-00','techiemik@gmail.com','','',1),(120,0,0,'','','','0000-00-00','M@sassycontessa.com','','',1),(167,0,0,'','','','0000-00-00','Stephanie@ooomf.com','','',0),(121,0,0,'','','','0000-00-00','mrockman@admeris.com','','81dc9bdb52d04dc20036dbd8313ed055',1),(122,0,0,'','','','0000-00-00','thebestkept@gmail.com','','',0),(123,0,0,'','','','0000-00-00','Paul@Ecquire.com','','',0),(124,0,0,'','','','0000-00-00','ben@payphoneapp.com','','',0),(125,0,0,'','','','0000-00-00','ben.hesketh@gmail.com','','',0),(126,0,0,'','','','0000-00-00','boris@bmannconsulting.com1','','',0),(127,0,0,'','','','0000-00-00','randiobenauer@flip.com','','',0),(128,0,0,'','','','0000-00-00','themaynardfamily@rogers.com','','',1),(129,0,0,'','','','0000-00-00','matt0954@yahoo.com','','',0),(130,0,0,'','','','0000-00-00','mobilizme@gmail.com','','',0),(131,0,0,'','','','0000-00-00','monty@blastramp.com','','',0),(132,0,0,'','','','0000-00-00','dddd@gmail.com','','',0),(133,0,0,'','','','0000-00-00','sean@fourmojo.com','','',0),(134,0,0,'','','','0000-00-00','don@fourmojo.com','','',0),(135,0,0,'','','','0000-00-00','Ctatewart@shaw.ca1','60472677691','c622c085c04eadc473f08541b255320e',1),(141,0,0,'','','','0000-00-00','robbiemiller@shaw.ca','7789985841','b59c67bf196a4758191e42f76670ceba',1),(137,0,0,'','','','0000-00-00','chad@warfordium.org','7788558792','17b3c7061788dbe82de5abe9f6fe22b3',1),(138,0,0,'','','','0000-00-00','Jennifervbarry@gmail.com','6047817584','25df35de87aa441b88f22a6c2a830a17',1),(142,0,0,'','','','0000-00-00','Ddvinyaninov@yahoo.com','6044183222','81dc9bdb52d04dc20036dbd8313ed055',1),(140,0,0,'','','','0000-00-00','chris.wiesinger@gmail.com','6047258200','da3fde159d754a2555eaa198d2d105b2',1),(143,0,0,'Boris','Mann','mr','1975-02-22','boris@bmannconsulting.com','7789682171','f8e59f4b2fe7c5705bf878bbd494ccdf',1),(144,0,0,'','','','0000-00-00','Ctastewart@shaw.ca','6047267769','c850371fda6892fbfd1c5a5b457e5777',1),(152,0,0,'','','','0000-00-00','marco@francescoandcompany.com','7788857873','b48053d7f826af82f7523b4cf90826f2',1),(146,0,0,'','','','0000-00-00','siobhan_williams@ymail.com','','',0),(147,0,0,'','','','0000-00-00','colin@colin8ch.com','','',0),(149,0,0,'','','','0000-00-00','aaron@govoluntouring.com','6047545562','110eec23201d80e40d0c4a48954e2ff5',1),(150,0,0,'','','','0000-00-00','mail@albertworks.com','6042022128','255ea887b8bca36797426dfb35a809cc',1),(154,0,0,'','','','0000-00-00','al@alharding.com','','',0),(155,0,0,'','','','0000-00-00','Jlypkie@gmail.com','6046125120','afdec7005cc9f14302cd0474fd0f3c96',1),(156,0,0,'','','','0000-00-00','sofalien@gmail.com','','',0),(157,0,0,'','','','0000-00-00','jakehirschallen@gmail.com','','',0),(158,0,0,'','','','0000-00-00','Simon@simonwex.com','2508148478','0aae0fede9a4d278e2f9a171e62fc76b',1),(159,0,0,'','','','0000-00-00','outrmost@uniserve.com','6047244201','e3eb4194278df0f91258632682d0ae92',1),(160,0,22,'Cossette','','','0000-00-00','ypg@payphoneapp.com','2222222222','81dc9bdb52d04dc20036dbd8313ed055',1),(161,0,0,'','','','0000-00-00','maurar@gmail.com','','',0),(162,0,0,'','','','0000-00-00','vanessafuller@me.com','','',0),(163,0,0,'','','','0000-00-00','borski@tinfoilsecurity.com','','',0),(164,0,0,'','','','0000-00-00','oswaldrndy@gmail.com','','',0),(165,0,23,'Pikolo Espresso Bar','','','0000-00-00','picolo@payphoneapp.com','3333333333','81dc9bdb52d04dc20036dbd8313ed055',1),(166,0,25,'Sea Monstr Sushi','','','0000-00-00','','6046812144','81dc9bdb52d04dc20036dbd8313ed055',1),(168,0,0,'','','','0000-00-00','alecmillster@gmail.com','','',0),(169,0,0,'','','','0000-00-00','arati@jetcooper.com','','',0),(170,0,0,'','','','0000-00-00','soul.survivor2@gmail.com','','',0),(171,0,0,'','','','0000-00-00','behrouz@jetcooper.com','4168826267','81dc9bdb52d04dc20036dbd8313ed055',1),(172,0,0,'','','','0000-00-00','luc.prieur@phonebox-e.com','','',0),(173,0,0,'','','','0000-00-00','romanoa@videotron.ca','','',0),(174,0,0,'','','','0000-00-00','karim@paymentpin.com','','',0),(175,0,6,'Bean','Stream','Mr.','0000-00-00','beanstream@payphoneapp.com','9999999999','81dc9bdb52d04dc20036dbd8313ed055',1);
/*!40000 ALTER TABLE `user_old` ENABLE KEYS */;
UNLOCK TABLES;
/*!40103 SET TIME_ZONE=@OLD_TIME_ZONE */;

/*!40101 SET SQL_MODE=@OLD_SQL_MODE */;
/*!40014 SET FOREIGN_KEY_CHECKS=@OLD_FOREIGN_KEY_CHECKS */;
/*!40014 SET UNIQUE_CHECKS=@OLD_UNIQUE_CHECKS */;
/*!40101 SET CHARACTER_SET_CLIENT=@OLD_CHARACTER_SET_CLIENT */;
/*!40101 SET CHARACTER_SET_RESULTS=@OLD_CHARACTER_SET_RESULTS */;
/*!40101 SET COLLATION_CONNECTION=@OLD_COLLATION_CONNECTION */;
/*!40111 SET SQL_NOTES=@OLD_SQL_NOTES */;

-- Dump completed on 2012-10-04 20:57:42
